p_dep,p_gate,p_res,p_read,l,d,r,ts
0.0005,0.0005,0.0099,0.0099,2.56E-08,13,39,22:17.0
0.0005,0.0005,0.0099,0.0099,1.61E-08,17,62,54:35.5
0.0005,0.003633333,0.0005,0.0005,2.95E-06,13,39,32:23.7
0.0005,0.003633333,0.0005,0.0005,2.56E-06,13,43,34:35.2
0.0005,0.003633333,0.0005,0.0005,3.15E-06,13,48,37:05.6
0.0005,0.003633333,0.0005,0.0005,3.46E-06,13,52,39:47.4
0.0005,0.003633333,0.0005,0.0005,8.89E-07,15,45,42:52.6
0.0005,0.003633333,0.0005,0.0005,8.20E-07,15,50,46:19.4
0.0005,0.003633333,0.0005,0.0005,8.36E-07,15,55,49:57.2
0.0005,0.003633333,0.0005,0.0005,9.17E-07,15,60,53:37.5
0.0005,0.003633333,0.0005,0.0005,2.75E-07,17,51,57:50.2
0.0005,0.003633333,0.0005,0.0005,2.11E-07,17,57,02:39.4
0.0005,0.003633333,0.0005,0.0005,3.23E-07,17,62,08:19.4
0.0005,0.003633333,0.0005,0.0005,2.50E-07,17,68,14:15.0
0.0005,0.003633333,0.0005,0.0005,5.26E-08,19,57,20:37.2
0.0005,0.003633333,0.0005,0.0005,3.17E-08,19,63,29:01.0
0.0005,0.003633333,0.0005,0.0005,8.57E-08,19,70,38:10.6
0.0005,0.003633333,0.0005,0.0005,2.63E-08,19,76,48:37.6
0.0005,0.003633333,0.003633333,0.003633333,6.72E-06,13,39,50:58.2
0.0005,0.003633333,0.003633333,0.003633333,6.98E-06,13,43,53:25.7
0.0005,0.003633333,0.003633333,0.003633333,7.19E-06,13,48,56:19.5
0.0005,0.003633333,0.003633333,0.003633333,6.46E-06,13,52,59:56.2
0.0005,0.003633333,0.003633333,0.003633333,2.24E-06,15,45,03:58.0
0.0005,0.003633333,0.003633333,0.003633333,2.36E-06,15,50,08:20.6
0.0005,0.003633333,0.003633333,0.003633333,2.15E-06,15,55,13:33.4
0.0005,0.003633333,0.003633333,0.003633333,2.03E-06,15,60,20:14.1
0.0005,0.003633333,0.003633333,0.003633333,5.88E-07,17,51,27:32.9
0.0005,0.003633333,0.003633333,0.003633333,5.97E-07,17,57,34:50.8
0.0005,0.003633333,0.003633333,0.003633333,7.42E-07,17,62,42:44.9
0.0005,0.003633333,0.003633333,0.003633333,7.21E-07,17,68,51:41.0
0.0005,0.003633333,0.003633333,0.003633333,1.75E-07,19,57,01:19.8
0.0005,0.003633333,0.003633333,0.003633333,2.54E-07,19,63,11:30.4
0.0005,0.003633333,0.003633333,0.003633333,1.71E-07,19,70,23:48.6
0.0005,0.003633333,0.003633333,0.003633333,1.84E-07,19,76,37:59.8
0.0005,0.003633333,0.006766667,0.006766667,1.21E-05,13,39,41:17.3
0.0005,0.003633333,0.006766667,0.006766667,1.29E-05,13,43,44:28.9
0.0005,0.003633333,0.006766667,0.006766667,1.12E-05,13,48,48:24.4
0.0005,0.003633333,0.006766667,0.006766667,1.29E-05,13,52,51:57.5
0.0005,0.003633333,0.006766667,0.006766667,4.49E-06,15,45,56:50.6
0.0005,0.003633333,0.006766667,0.006766667,4.32E-06,15,50,01:37.9
0.0005,0.003633333,0.006766667,0.006766667,4.33E-06,15,55,07:39.3
0.0005,0.003633333,0.006766667,0.006766667,4.37E-06,15,60,14:07.7
0.0005,0.003633333,0.006766667,0.006766667,1.76E-06,17,51,21:05.6
0.0005,0.003633333,0.006766667,0.006766667,1.70E-06,17,57,28:56.4
0.0005,0.003633333,0.006766667,0.006766667,1.40E-06,17,62,37:43.7
0.0005,0.003633333,0.006766667,0.006766667,1.44E-06,17,68,47:26.9
0.0005,0.003633333,0.006766667,0.006766667,4.74E-07,19,57,58:42.1
0.0005,0.003633333,0.006766667,0.006766667,5.24E-07,19,63,11:32.4
0.0005,0.003633333,0.006766667,0.006766667,7.43E-07,19,70,25:59.4
0.0005,0.003633333,0.006766667,0.006766667,5.53E-07,19,76,41:53.5
0.0005,0.003633333,0.0099,0.0099,2.12E-05,13,39,44:12.6
0.0005,0.003633333,0.0099,0.0099,2.20E-05,13,43,46:25.7
0.0005,0.003633333,0.0099,0.0099,2.10E-05,13,48,48:32.0
0.0005,0.003633333,0.0099,0.0099,2.15E-05,13,52,50:56.8
0.0005,0.003633333,0.0099,0.0099,8.29E-06,15,45,56:39.7
0.0005,0.003633333,0.0099,0.0099,7.48E-06,15,50,03:03.0
0.0005,0.003633333,0.0099,0.0099,8.33E-06,15,55,09:14.7
0.0005,0.003633333,0.0099,0.0099,7.99E-06,15,60,16:05.8
0.0005,0.003633333,0.0099,0.0099,2.71E-06,17,51,24:35.1
0.0005,0.003633333,0.0099,0.0099,3.37E-06,17,57,34:54.0
0.0005,0.003633333,0.0099,0.0099,3.03E-06,17,62,46:09.5
0.0005,0.003633333,0.0099,0.0099,2.69E-06,17,68,58:07.7
0.0005,0.003633333,0.0099,0.0099,1.26E-06,19,57,30:50.7
0.0005,0.003633333,0.0099,0.0099,1.22E-06,19,63,50:48.9
0.0005,0.003633333,0.0099,0.0099,1.46E-06,19,70,27:10.3
0.0005,0.003633333,0.0099,0.0099,1.28E-06,19,76,40:21.6
0.0005,0.006766667,0.0005,0.0005,0.000215958,13,39,40:40.0
0.0005,0.006766667,0.0005,0.0005,0.000203203,13,43,41:00.4
0.0005,0.006766667,0.0005,0.0005,0.000198742,13,48,41:20.3
0.0005,0.006766667,0.0005,0.0005,0.000214164,13,52,41:41.6
0.0005,0.006766667,0.0005,0.0005,0.00010435,15,45,42:34.9
0.0005,0.006766667,0.0005,0.0005,0.000112308,15,50,43:20.1
0.0005,0.006766667,0.0005,0.0005,0.000104385,15,55,44:08.9
0.0005,0.006766667,0.0005,0.0005,0.000106261,15,60,44:58.9
0.0005,0.006766667,0.0005,0.0005,5.56E-05,17,51,46:52.6
0.0005,0.006766667,0.0005,0.0005,5.98E-05,17,57,48:47.4
0.0005,0.006766667,0.0005,0.0005,6.06E-05,17,62,50:39.4
0.0005,0.006766667,0.0005,0.0005,6.20E-05,17,68,52:35.5
0.0005,0.006766667,0.0005,0.0005,3.14E-05,19,57,57:11.5
0.0005,0.006766667,0.0005,0.0005,3.09E-05,19,63,01:44.3
0.0005,0.006766667,0.0005,0.0005,3.08E-05,19,70,06:34.6
0.0005,0.006766667,0.0005,0.0005,3.22E-05,19,76,11:17.4
0.0005,0.006766667,0.003633333,0.003633333,0.000364059,13,39,11:31.7
0.0005,0.006766667,0.003633333,0.003633333,0.0003854,13,43,11:47.6
0.0005,0.006766667,0.003633333,0.003633333,0.00035097,13,48,12:05.2
0.0005,0.006766667,0.003633333,0.003633333,0.00038659,13,52,12:22.5
0.0005,0.006766667,0.003633333,0.003633333,0.000202468,15,45,12:58.7
0.0005,0.006766667,0.003633333,0.003633333,0.000229307,15,50,13:32.6
0.0005,0.006766667,0.003633333,0.003633333,0.000218828,15,55,14:10.3
0.0005,0.006766667,0.003633333,0.003633333,0.000221105,15,60,14:47.5
0.0005,0.006766667,0.003633333,0.003633333,0.000134182,17,51,15:57.4
0.0005,0.006766667,0.003633333,0.003633333,0.000122206,17,57,17:18.6
0.0005,0.006766667,0.003633333,0.003633333,0.000136916,17,62,18:29.3
0.0005,0.006766667,0.003633333,0.003633333,0.000133228,17,68,19:46.8
0.0005,0.006766667,0.003633333,0.003633333,8.41E-05,19,57,22:02.1
0.0005,0.006766667,0.003633333,0.003633333,8.07E-05,19,63,24:46.6
0.0005,0.006766667,0.003633333,0.003633333,8.15E-05,19,70,27:20.3
0.0005,0.006766667,0.003633333,0.003633333,7.35E-05,19,76,30:17.1
0.0005,0.006766667,0.006766667,0.006766667,0.000587129,13,39,30:31.3
0.0005,0.006766667,0.006766667,0.006766667,0.000555934,13,43,30:49.3
0.0005,0.006766667,0.006766667,0.006766667,0.000516741,13,48,31:07.2
0.0005,0.006766667,0.006766667,0.006766667,0.000577726,13,52,31:23.9
0.0005,0.006766667,0.006766667,0.006766667,0.000363603,15,45,31:55.0
0.0005,0.006766667,0.006766667,0.006766667,0.00031993,15,50,32:28.2
0.0005,0.006766667,0.006766667,0.006766667,0.000372446,15,55,32:58.5
0.0005,0.006766667,0.006766667,0.006766667,0.000358276,15,60,33:31.8
0.0005,0.006766667,0.006766667,0.006766667,0.000254085,17,51,34:21.2
0.0005,0.006766667,0.006766667,0.006766667,0.000268627,17,57,35:18.3
0.0005,0.006766667,0.006766667,0.006766667,0.000229614,17,62,36:26.9
0.0005,0.006766667,0.006766667,0.006766667,0.000242634,17,68,37:24.3
0.0005,0.006766667,0.006766667,0.006766667,0.000144285,19,57,39:14.1
0.0005,0.006766667,0.006766667,0.006766667,0.000174098,19,63,40:48.2
0.0005,0.006766667,0.006766667,0.006766667,0.000167542,19,70,42:33.2
0.0005,0.006766667,0.006766667,0.006766667,0.000156259,19,76,44:15.5
0.0005,0.006766667,0.0099,0.0099,0.000833138,13,39,44:26.1
0.0005,0.006766667,0.0099,0.0099,0.000825486,13,43,44:36.7
0.0005,0.006766667,0.0099,0.0099,0.000859532,13,48,44:48.3
0.0005,0.006766667,0.0099,0.0099,0.000815745,13,52,45:01.0
0.0005,0.006766667,0.0099,0.0099,0.000613801,15,45,45:19.9
0.0005,0.006766667,0.0099,0.0099,0.000602331,15,50,45:40.8
0.0005,0.006766667,0.0099,0.0099,0.000607528,15,55,46:03.8
0.0005,0.006766667,0.0099,0.0099,0.000612272,15,60,46:25.5
0.0005,0.006766667,0.0099,0.0099,0.000394371,17,51,47:02.7
0.0005,0.006766667,0.0099,0.0099,0.000434852,17,57,47:36.3
0.0005,0.006766667,0.0099,0.0099,0.000411969,17,62,48:16.5
0.0005,0.006766667,0.0099,0.0099,0.000432804,17,68,48:55.5
0.0005,0.006766667,0.0099,0.0099,0.000283277,19,57,49:56.5
0.0005,0.006766667,0.0099,0.0099,0.000290626,19,63,51:03.7
0.0005,0.006766667,0.0099,0.0099,0.000299242,19,70,52:02.3
0.0005,0.006766667,0.0099,0.0099,0.00031995,19,76,53:08.7
0.0005,0.0099,0.0005,0.0005,0.002184208,13,39,53:16.4
0.0005,0.0099,0.0005,0.0005,0.002289619,13,43,53:23.8
0.0005,0.0099,0.0005,0.0005,0.002312311,13,48,53:32.5
0.0005,0.0099,0.0005,0.0005,0.002328983,13,52,53:41.5
0.0005,0.0099,0.0005,0.0005,0.001769787,15,45,53:52.3
0.0005,0.0099,0.0005,0.0005,0.001883414,15,50,54:03.7
0.0005,0.0099,0.0005,0.0005,0.001811064,15,55,54:16.2
0.0005,0.0099,0.0005,0.0005,0.001814666,15,60,54:29.3
0.0005,0.0099,0.0005,0.0005,0.001349796,17,51,54:48.9
0.0005,0.0099,0.0005,0.0005,0.001415244,17,57,55:08.6
0.0005,0.0099,0.0005,0.0005,0.001309187,17,62,55:29.1
0.0005,0.0099,0.0005,0.0005,0.001336449,17,68,55:50.3
0.0005,0.0099,0.0005,0.0005,0.00106725,19,57,56:19.2
0.0005,0.0099,0.0005,0.0005,0.001142383,19,63,56:50.7
0.0005,0.0099,0.0005,0.0005,0.001089834,19,70,57:22.9
0.0005,0.0099,0.0005,0.0005,0.001097284,19,76,57:57.2
0.0005,0.0099,0.003633333,0.003633333,0.003202208,13,39,58:03.6
0.0005,0.0099,0.003633333,0.003633333,0.003366014,13,43,58:10.6
0.0005,0.0099,0.003633333,0.003633333,0.003267622,13,48,58:17.9
0.0005,0.0099,0.003633333,0.003633333,0.003493027,13,52,58:25.9
0.0005,0.0099,0.003633333,0.003633333,0.002612744,15,45,58:36.6
0.0005,0.0099,0.003633333,0.003633333,0.002908421,15,50,58:47.6
0.0005,0.0099,0.003633333,0.003633333,0.002848078,15,55,58:58.8
0.0005,0.0099,0.003633333,0.003633333,0.003008082,15,60,59:11.4
0.0005,0.0099,0.003633333,0.003633333,0.002372335,17,51,59:27.5
0.0005,0.0099,0.003633333,0.003633333,0.002403715,17,57,59:43.8
0.0005,0.0099,0.003633333,0.003633333,0.002367277,17,62,00:01.3
0.0005,0.0099,0.003633333,0.003633333,0.002529051,17,68,00:19.8
0.0005,0.0099,0.003633333,0.003633333,0.002039731,19,57,00:42.1
0.0005,0.0099,0.003633333,0.003633333,0.002073052,19,63,01:06.2
0.0005,0.0099,0.003633333,0.003633333,0.002096595,19,70,01:31.5
0.0005,0.0099,0.003633333,0.003633333,0.002034203,19,76,01:57.4
0.0005,0.0099,0.006766667,0.006766667,0.0047905,13,39,02:04.6
0.0005,0.0099,0.006766667,0.006766667,0.004861574,13,43,02:10.9
0.0005,0.0099,0.006766667,0.006766667,0.00421712,13,48,02:18.1
0.0005,0.0099,0.006766667,0.006766667,0.004788382,13,52,02:25.2
0.0005,0.0099,0.006766667,0.006766667,0.004329195,15,45,02:34.5
0.0005,0.0099,0.006766667,0.006766667,0.004421524,15,50,02:45.0
0.0005,0.0099,0.006766667,0.006766667,0.004109855,15,55,02:55.8
0.0005,0.0099,0.006766667,0.006766667,0.004768121,15,60,03:07.0
0.0005,0.0099,0.006766667,0.006766667,0.00373203,17,51,03:22.3
0.0005,0.0099,0.006766667,0.006766667,0.004050015,17,57,03:36.6
0.0005,0.0099,0.006766667,0.006766667,0.00373347,17,62,03:53.5
0.0005,0.0099,0.006766667,0.006766667,0.004298505,17,68,04:11.7
0.0005,0.0099,0.006766667,0.006766667,0.003697391,19,57,04:30.4
0.0005,0.0099,0.006766667,0.006766667,0.003400319,19,63,04:52.2
0.0005,0.0099,0.006766667,0.006766667,0.003007266,19,70,05:16.2
0.0005,0.0099,0.006766667,0.006766667,0.003629857,19,76,05:40.4
0.0005,0.0099,0.0099,0.0099,0.007059068,13,39,05:46.7
0.0005,0.0099,0.0099,0.0099,0.006234674,13,43,05:52.8
0.0005,0.0099,0.0099,0.0099,0.006960929,13,48,06:00.4
0.0005,0.0099,0.0099,0.0099,0.006405773,13,52,06:08.5
0.0005,0.0099,0.0099,0.0099,0.005779922,15,45,06:17.9
0.0005,0.0099,0.0099,0.0099,0.005808262,15,50,06:28.1
0.0005,0.0099,0.0099,0.0099,0.006135282,15,55,06:39.2
0.0005,0.0099,0.0099,0.0099,0.006138987,15,60,06:51.4
0.0005,0.0099,0.0099,0.0099,0.005811162,17,51,07:05.2
0.0005,0.0099,0.0099,0.0099,0.00545552,17,57,07:21.8
0.0005,0.0099,0.0099,0.0099,0.005891318,17,62,07:38.1
0.0005,0.0099,0.0099,0.0099,0.006328828,17,68,07:55.3
0.0005,0.0099,0.0099,0.0099,0.004659712,19,57,08:17.7
0.0005,0.0099,0.0099,0.0099,0.005064358,19,63,08:39.2
0.0005,0.0099,0.0099,0.0099,0.00536055,19,70,09:04.8
0.0005,0.0099,0.0099,0.0099,0.00526677,19,76,09:29.9
0.003633333,0.0005,0.0005,0.0005,2.08E-08,13,48,12:36.0
0.003633333,0.0005,0.003633333,0.003633333,2.08E-08,13,48,48:45.3
0.003633333,0.0005,0.006766667,0.006766667,4.65E-08,13,43,36:12.2
0.003633333,0.0005,0.006766667,0.006766667,8.33E-08,13,48,38:16.4
0.003633333,0.0005,0.006766667,0.006766667,1.92E-08,13,52,40:23.9
0.003633333,0.0005,0.006766667,0.006766667,2.00E-08,15,50,46:43.8
0.003633333,0.0005,0.0099,0.0099,1.03E-07,13,39,46:50.7
0.003633333,0.0005,0.0099,0.0099,1.86E-07,13,43,49:27.8
0.003633333,0.0005,0.0099,0.0099,1.25E-07,13,48,52:22.5
0.003633333,0.0005,0.0099,0.0099,1.15E-07,13,52,55:38.6
0.003633333,0.0005,0.0099,0.0099,8.89E-08,15,45,59:35.9
0.003633333,0.0005,0.0099,0.0099,2.00E-08,15,50,03:34.1
0.003633333,0.003633333,0.0005,0.0005,1.25E-05,13,39,23:15.2
0.003633333,0.003633333,0.0005,0.0005,1.33E-05,13,43,25:32.8
0.003633333,0.003633333,0.0005,0.0005,1.33E-05,13,48,27:49.2
0.003633333,0.003633333,0.0005,0.0005,1.38E-05,13,52,29:53.5
0.003633333,0.003633333,0.0005,0.0005,4.16E-06,15,45,33:25.6
0.003633333,0.003633333,0.0005,0.0005,4.88E-06,15,50,37:07.3
0.003633333,0.003633333,0.0005,0.0005,4.04E-06,15,55,41:18.7
0.003633333,0.003633333,0.0005,0.0005,4.65E-06,15,60,46:00.5
0.003633333,0.003633333,0.0005,0.0005,1.49E-06,17,51,51:17.4
0.003633333,0.003633333,0.0005,0.0005,1.40E-06,17,57,57:26.0
0.003633333,0.003633333,0.0005,0.0005,1.39E-06,17,62,04:07.1
0.003633333,0.003633333,0.0005,0.0005,1.60E-06,17,68,11:08.5
0.003633333,0.003633333,0.0005,0.0005,5.97E-07,19,57,18:27.6
0.003633333,0.003633333,0.0005,0.0005,5.24E-07,19,63,26:43.1
0.003633333,0.003633333,0.0005,0.0005,4.00E-07,19,70,36:10.6
0.003633333,0.003633333,0.0005,0.0005,4.87E-07,19,76,46:47.7
0.003633333,0.003633333,0.003633333,0.003633333,2.73E-05,13,39,48:08.3
0.003633333,0.003633333,0.003633333,0.003633333,2.84E-05,13,43,49:38.5
0.003633333,0.003633333,0.003633333,0.003633333,2.52E-05,13,48,51:14.7
0.003633333,0.003633333,0.003633333,0.003633333,2.87E-05,13,52,52:40.6
0.003633333,0.003633333,0.003633333,0.003633333,1.12E-05,15,45,56:41.4
0.003633333,0.003633333,0.003633333,0.003633333,1.07E-05,15,50,00:49.0
0.003633333,0.003633333,0.003633333,0.003633333,1.14E-05,15,55,05:03.3
0.003633333,0.003633333,0.003633333,0.003633333,1.11E-05,15,60,09:57.7
0.003633333,0.003633333,0.003633333,0.003633333,4.12E-06,17,51,16:49.3
0.003633333,0.003633333,0.003633333,0.003633333,3.90E-06,17,57,24:21.4
0.003633333,0.003633333,0.003633333,0.003633333,3.81E-06,17,62,31:54.0
0.003633333,0.003633333,0.003633333,0.003633333,4.06E-06,17,68,40:30.9
0.003633333,0.003633333,0.003633333,0.003633333,1.60E-06,19,57,49:50.7
0.003633333,0.003633333,0.003633333,0.003633333,1.57E-06,19,63,00:24.5
0.003633333,0.003633333,0.003633333,0.003633333,1.71E-06,19,70,12:39.5
0.003633333,0.003633333,0.003633333,0.003633333,1.71E-06,19,76,27:04.2
0.003633333,0.003633333,0.006766667,0.006766667,5.10E-05,13,39,28:07.7
0.003633333,0.003633333,0.006766667,0.006766667,4.96E-05,13,43,29:11.0
0.003633333,0.003633333,0.006766667,0.006766667,4.98E-05,13,48,30:05.5
0.003633333,0.003633333,0.006766667,0.006766667,4.93E-05,13,52,31:02.7
0.003633333,0.003633333,0.006766667,0.006766667,2.02E-05,15,45,37:36.4
0.003633333,0.003633333,0.006766667,0.006766667,2.08E-05,15,50,41:16.2
0.003633333,0.003633333,0.006766667,0.006766667,2.21E-05,15,55,44:37.6
0.003633333,0.003633333,0.006766667,0.006766667,2.19E-05,15,60,48:35.2
0.003633333,0.003633333,0.006766667,0.006766667,9.75E-06,17,51,58:35.0
0.003633333,0.003633333,0.006766667,0.006766667,9.12E-06,17,57,08:46.3
0.003633333,0.003633333,0.006766667,0.006766667,9.32E-06,17,62,17:23.3
0.003633333,0.003633333,0.006766667,0.006766667,8.76E-06,17,68,27:49.7
0.003633333,0.003633333,0.006766667,0.006766667,3.84E-06,19,57,41:20.3
0.003633333,0.003633333,0.006766667,0.006766667,3.27E-06,19,63,56:35.4
0.003633333,0.003633333,0.006766667,0.006766667,4.10E-06,19,70,12:42.0
0.003633333,0.003633333,0.006766667,0.006766667,4.20E-06,19,76,28:38.9
0.003633333,0.003633333,0.0099,0.0099,8.18E-05,13,39,29:16.8
0.003633333,0.003633333,0.0099,0.0099,8.58E-05,13,43,29:57.1
0.003633333,0.003633333,0.0099,0.0099,8.68E-05,13,48,30:43.2
0.003633333,0.003633333,0.0099,0.0099,7.83E-05,13,52,31:32.3
0.003633333,0.003633333,0.0099,0.0099,3.64E-05,15,45,33:41.2
0.003633333,0.003633333,0.0099,0.0099,3.91E-05,15,50,35:45.3
0.003633333,0.003633333,0.0099,0.0099,3.79E-05,15,55,37:57.7
0.003633333,0.003633333,0.0099,0.0099,3.53E-05,15,60,40:08.5
0.003633333,0.003633333,0.0099,0.0099,1.69E-05,17,51,45:08.9
0.003633333,0.003633333,0.0099,0.0099,1.69E-05,17,57,50:47.2
0.003633333,0.003633333,0.0099,0.0099,1.68E-05,17,62,56:01.1
0.003633333,0.003633333,0.0099,0.0099,1.87E-05,17,68,01:53.9
0.003633333,0.003633333,0.0099,0.0099,7.67E-06,19,57,15:54.7
0.003633333,0.003633333,0.0099,0.0099,8.47E-06,19,63,30:18.8
0.003633333,0.003633333,0.0099,0.0099,8.84E-06,19,70,46:39.2
0.003633333,0.003633333,0.0099,0.0099,7.91E-06,19,76,05:08.9
0.003633333,0.006766667,0.0005,0.0005,0.000454674,13,39,05:23.2
0.003633333,0.006766667,0.0005,0.0005,0.000445555,13,43,05:37.3
0.003633333,0.006766667,0.0005,0.0005,0.000432971,13,48,05:52.3
0.003633333,0.006766667,0.0005,0.0005,0.000449328,13,52,06:09.5
0.003633333,0.006766667,0.0005,0.0005,0.000256181,15,45,06:37.3
0.003633333,0.006766667,0.0005,0.0005,0.000275316,15,50,07:10.0
0.003633333,0.006766667,0.0005,0.0005,0.000263168,15,55,07:38.4
0.003633333,0.006766667,0.0005,0.0005,0.000272804,15,60,37:46.8
0.003633333,0.006766667,0.0005,0.0005,0.000156757,17,51,56:02.4
0.003633333,0.006766667,0.0005,0.0005,0.000154549,17,57,11:21.2
0.003633333,0.006766667,0.0005,0.0005,0.000158099,17,62,31:24.2
0.003633333,0.006766667,0.0005,0.0005,0.000151094,17,68,34:11.0
0.003633333,0.006766667,0.0005,0.0005,9.34E-05,19,57,38:59.6
0.003633333,0.006766667,0.0005,0.0005,9.55E-05,19,63,14:45.5
0.003633333,0.006766667,0.0005,0.0005,9.85E-05,19,70,18:09.6
0.003633333,0.006766667,0.0005,0.0005,9.44E-05,19,76,47:52.2
0.003633333,0.006766667,0.003633333,0.003633333,0.00073867,13,39,48:16.3
0.003633333,0.006766667,0.003633333,0.003633333,0.00078937,13,43,54:22.7
0.003633333,0.006766667,0.003633333,0.003633333,0.000809158,13,48,54:50.1
0.003633333,0.006766667,0.003633333,0.003633333,0.000778654,13,52,29:21.6
0.003633333,0.006766667,0.003633333,0.003633333,0.000496724,15,45,30:11.5
0.003633333,0.006766667,0.003633333,0.003633333,0.000467452,15,50,31:14.7
0.003633333,0.006766667,0.003633333,0.003633333,0.000495701,15,55,32:19.7
0.003633333,0.006766667,0.003633333,0.003633333,0.000472241,15,60,33:31.9
0.003633333,0.006766667,0.003633333,0.003633333,0.000343346,17,51,35:15.6
0.003633333,0.006766667,0.003633333,0.003633333,0.000335668,17,57,36:51.8
0.003633333,0.006766667,0.003633333,0.003633333,0.000309374,17,62,38:55.0
0.003633333,0.006766667,0.003633333,0.003633333,0.000357702,17,68,40:43.3
0.003633333,0.006766667,0.003633333,0.003633333,0.000217507,19,57,43:29.4
0.003633333,0.006766667,0.003633333,0.003633333,0.000208355,19,63,46:37.1
0.003633333,0.006766667,0.003633333,0.003633333,0.000219019,19,70,49:40.5
0.003633333,0.006766667,0.003633333,0.003633333,0.000241724,19,76,52:37.1
0.003633333,0.006766667,0.006766667,0.006766667,0.001170652,13,39,53:07.3
0.003633333,0.006766667,0.006766667,0.006766667,0.00121442,13,43,53:39.8
0.003633333,0.006766667,0.006766667,0.006766667,0.001154999,13,48,54:12.0
0.003633333,0.006766667,0.006766667,0.006766667,0.001121367,13,52,54:44.0
0.003633333,0.006766667,0.006766667,0.006766667,0.000836219,15,45,55:32.4
0.003633333,0.006766667,0.006766667,0.006766667,0.000782658,15,50,56:24.3
0.003633333,0.006766667,0.006766667,0.006766667,0.00081607,15,55,57:12.0
0.003633333,0.006766667,0.006766667,0.006766667,0.000781867,15,60,58:10.0
0.003633333,0.006766667,0.006766667,0.006766667,0.000557782,17,51,59:35.0
0.003633333,0.006766667,0.006766667,0.006766667,0.000589175,17,57,00:49.8
0.003633333,0.006766667,0.006766667,0.006766667,0.000599228,17,62,02:12.5
0.003633333,0.006766667,0.006766667,0.006766667,0.000632691,17,68,04:18.3
0.003633333,0.006766667,0.006766667,0.006766667,0.000458456,19,57,06:30.8
0.003633333,0.006766667,0.006766667,0.006766667,0.000440594,19,63,08:29.0
0.003633333,0.006766667,0.006766667,0.006766667,0.00043669,19,70,10:52.7
0.003633333,0.006766667,0.006766667,0.006766667,0.000445688,19,76,13:03.8
0.003633333,0.006766667,0.0099,0.0099,0.001703579,13,39,13:29.9
0.003633333,0.006766667,0.0099,0.0099,0.001620582,13,43,13:57.2
0.003633333,0.006766667,0.0099,0.0099,0.00166242,13,48,14:26.5
0.003633333,0.006766667,0.0099,0.0099,0.001728946,13,52,14:55.5
0.003633333,0.006766667,0.0099,0.0099,0.00127563,15,45,15:41.5
0.003633333,0.006766667,0.0099,0.0099,0.001300557,15,50,16:21.8
0.003633333,0.006766667,0.0099,0.0099,0.001180782,15,55,17:01.3
0.003633333,0.006766667,0.0099,0.0099,0.001214475,15,60,17:52.4
0.003633333,0.006766667,0.0099,0.0099,0.000951543,17,51,19:07.3
0.003633333,0.006766667,0.0099,0.0099,0.000936473,17,57,20:19.3
0.003633333,0.006766667,0.0099,0.0099,0.000975822,17,62,21:35.0
0.003633333,0.006766667,0.0099,0.0099,0.001107763,17,68,22:45.5
0.003633333,0.006766667,0.0099,0.0099,0.000741811,19,57,24:25.4
0.003633333,0.006766667,0.0099,0.0099,0.000828825,19,63,26:15.7
0.003633333,0.006766667,0.0099,0.0099,0.000758917,19,70,28:02.3
0.003633333,0.006766667,0.0099,0.0099,0.000794745,19,76,47:29.4
0.003633333,0.0099,0.0005,0.0005,0.003593678,13,39,47:50.2
0.003633333,0.0099,0.0005,0.0005,0.003298706,13,43,06:06.8
0.003633333,0.0099,0.0005,0.0005,0.003197628,13,48,06:25.5
0.003633333,0.0099,0.0005,0.0005,0.003844484,13,52,06:50.6
0.003633333,0.0099,0.0005,0.0005,0.002838301,15,45,07:25.4
0.003633333,0.0099,0.0005,0.0005,0.003089095,15,50,20:52.9
0.003633333,0.0099,0.0005,0.0005,0.003075898,15,55,21:31.6
0.003633333,0.0099,0.0005,0.0005,0.003182463,15,60,39:12.1
0.003633333,0.0099,0.0005,0.0005,0.002467504,17,51,40:14.5
0.003633333,0.0099,0.0005,0.0005,0.002381259,17,57,40:54.4
0.003633333,0.0099,0.0005,0.0005,0.002653136,17,62,57:51.4
0.003633333,0.0099,0.0005,0.0005,0.002421487,17,68,07:22.3
0.003633333,0.0099,0.0005,0.0005,0.001981158,19,57,09:13.3
0.003633333,0.0099,0.0005,0.0005,0.002224724,19,63,27:27.4
0.003633333,0.0099,0.0005,0.0005,0.001946298,19,70,43:58.7
0.003633333,0.0099,0.0005,0.0005,0.002042329,19,76,46:09.6
0.003633333,0.0099,0.003633333,0.003633333,0.004635141,13,39,46:21.7
0.003633333,0.0099,0.003633333,0.003633333,0.005320167,13,43,46:43.3
0.003633333,0.0099,0.003633333,0.003633333,0.005229437,13,48,00:23.0
0.003633333,0.0099,0.003633333,0.003633333,0.005012249,13,52,00:52.6
0.003633333,0.0099,0.003633333,0.003633333,0.004565382,15,45,17:12.6
0.003633333,0.0099,0.003633333,0.003633333,0.004512517,15,50,17:48.1
0.003633333,0.0099,0.003633333,0.003633333,0.00448523,15,55,18:29.3
0.003633333,0.0099,0.003633333,0.003633333,0.004721784,15,60,19:06.3
0.003633333,0.0099,0.003633333,0.003633333,0.00390277,17,51,19:55.1
0.003633333,0.0099,0.003633333,0.003633333,0.004097192,17,57,20:46.3
0.003633333,0.0099,0.003633333,0.003633333,0.004071147,17,62,21:44.8
0.003633333,0.0099,0.003633333,0.003633333,0.004120038,17,68,22:40.5
0.003633333,0.0099,0.003633333,0.003633333,0.003628025,19,57,23:46.4
0.003633333,0.0099,0.003633333,0.003633333,0.003635364,19,63,24:55.5
0.003633333,0.0099,0.003633333,0.003633333,0.003714366,19,70,53:05.8
0.003633333,0.0099,0.003633333,0.003633333,0.003863083,19,76,11:34.2
0.003633333,0.0099,0.006766667,0.006766667,0.007726136,13,39,11:57.3
0.003633333,0.0099,0.006766667,0.006766667,0.006794058,13,43,12:19.1
0.003633333,0.0099,0.006766667,0.006766667,0.007451853,13,48,12:44.0
0.003633333,0.0099,0.006766667,0.006766667,0.007756696,13,52,13:11.5
0.003633333,0.0099,0.006766667,0.006766667,0.007044871,15,45,13:40.4
0.003633333,0.0099,0.006766667,0.006766667,0.006560444,15,50,22:31.5
0.003633333,0.0099,0.006766667,0.006766667,0.006506434,15,55,23:14.1
0.003633333,0.0099,0.006766667,0.006766667,0.00666168,15,60,23:56.7
0.003633333,0.0099,0.006766667,0.006766667,0.006178791,17,51,24:41.6
0.003633333,0.0099,0.006766667,0.006766667,0.006241894,17,57,25:26.8
0.003633333,0.0099,0.006766667,0.006766667,0.006619393,17,62,58:33.7
0.003633333,0.0099,0.006766667,0.006766667,0.006685772,17,68,14:49.6
0.003633333,0.0099,0.006766667,0.006766667,0.005437402,19,57,15:38.2
0.003633333,0.0099,0.006766667,0.006766667,0.006092663,19,63,16:42.9
0.003633333,0.0099,0.006766667,0.006766667,0.006415417,19,70,17:51.9
0.003633333,0.0099,0.006766667,0.006766667,0.006240518,19,76,19:02.3
0.003633333,0.0099,0.0099,0.0099,0.009639193,13,39,19:22.3
0.003633333,0.0099,0.0099,0.0099,0.01026221,13,43,19:42.3
0.003633333,0.0099,0.0099,0.0099,0.010265876,13,48,20:06.0
0.003633333,0.0099,0.0099,0.0099,0.00961712,13,52,20:30.2
0.003633333,0.0099,0.0099,0.0099,0.009485776,15,45,21:00.7
0.003633333,0.0099,0.0099,0.0099,0.009578925,15,50,22:04.2
0.003633333,0.0099,0.0099,0.0099,0.00891121,15,55,22:22.2
0.003633333,0.0099,0.0099,0.0099,0.009103024,15,60,22:34.5
0.003633333,0.0099,0.0099,0.0099,0.008331486,17,51,22:49.9
0.003633333,0.0099,0.0099,0.0099,0.008861361,17,57,23:07.8
0.003633333,0.0099,0.0099,0.0099,0.010120974,17,62,23:26.4
0.003633333,0.0099,0.0099,0.0099,0.009522387,17,68,23:57.4
0.003633333,0.0099,0.0099,0.0099,0.008202404,19,57,24:21.6
0.003633333,0.0099,0.0099,0.0099,0.008910798,19,63,24:47.1
0.003633333,0.0099,0.0099,0.0099,0.009476036,19,70,25:11.1
0.003633333,0.0099,0.0099,0.0099,0.009954264,19,76,25:35.9
0.0005,0.0005,0.0005,0.0005,6.30E-05,3,5,41:51.3
0.00363333,0.0005,0.0005,0.0005,0.00036086,3,5,21:37.0
0.00676667,0.0005,0.0005,0.0005,0.00087199,3,5,32:28.6
0.0099,0.0005,0.0005,0.0005,0.00145493,3,5,22:07.7
0.0005,0.0005,0.0005,0.0005,6.33E-05,3,9,41:53.3
0.00363333,0.0005,0.0005,0.0005,0.00035584,3,9,21:39.0
0.00676667,0.0005,0.0005,0.0005,0.00091751,3,9,32:30.1
0.0005,0.0005,0.00363333,0.00363333,2.70E-08,9,37,06:44.4
0.0005,0.0005,0.00676667,0.00676667,2.70E-08,11,37,40:25.2
0.0005,0.0005,0.00676667,0.00676667,6.67E-08,11,45,42:54.1
0.0099,0.0005,0.0005,0.0005,0.00153824,3,9,22:09.0
0.0005,0.0005,0.0099,0.0099,1.11E-07,11,45,04:26.8
0.0005,0.0005,0.0005,0.0005,6.70E-05,3,13,41:55.1
0.00363333,0.0005,0.0005,0.0005,0.00037274,3,13,21:41.3
0.0005,0.0005,0.0099,0.0099,1.82E-07,11,33,31:54.7
0.0005,0.0005,0.0099,0.0099,1.95E-07,11,41,47:19.7
0.0005,0.0005,0.0099,0.0099,2.16E-07,11,37,43:43.4
0.0005,0.0005,0.00676667,0.00676667,2.43E-07,9,37,30:03.9
0.0005,0.0005,0.00676667,0.00676667,2.76E-07,9,29,28:46.6
0.0005,0.0005,0.00676667,0.00676667,3.33E-07,9,33,29:24.8
0.0005,0.0005,0.00363333,0.00363333,3.45E-07,7,29,01:17.4
0.0005,0.0005,0.0099,0.0099,7.84E-07,9,37,00:35.3
0.0005,0.0005,0.00363333,0.00363333,8.80E-07,7,25,01:01.5
0.0005,0.0005,0.00363333,0.00363333,1.00E-06,7,21,00:49.4
0.0005,0.0005,0.0099,0.0099,1.06E-06,9,33,59:41.2
0.0005,0.0005,0.0099,0.0099,1.07E-06,9,29,58:56.5
0.0005,0.0005,0.00676667,0.00676667,1.81E-06,7,21,22:15.0
0.0005,0.0005,0.00676667,0.00676667,2.07E-06,7,29,22:51.6
0.0005,0.0005,0.00676667,0.00676667,2.36E-06,7,25,22:32.7
0.00676667,0.0005,0.0005,0.0005,0.00093375,3,13,32:31.5
0.0099,0.0005,0.0005,0.0005,0.00156063,3,13,22:10.4
0.0005,0.0005,0.0005,0.0005,3.08E-06,5,13,42:33.0
0.0005,0.0005,0.0099,0.0099,6.79E-06,7,29,51:27.2
0.0005,0.0005,0.0099,0.0099,7.52E-06,7,25,50:59.6
0.0005,0.0005,0.00363333,0.00363333,8.05E-06,5,21,58:34.2
0.0005,0.0005,0.0099,0.0099,9.05E-06,7,21,50:39.2
0.0005,0.0005,0.00363333,0.00363333,1.03E-05,5,17,58:27.9
0.0005,0.00363333,0.0005,0.0005,1.11E-05,11,33,54:41.9
0.0005,0.0005,0.00363333,0.00363333,1.12E-05,5,13,58:22.3
0.0005,0.00363333,0.0005,0.0005,1.14E-05,11,45,06:05.5
0.0005,0.00363333,0.0005,0.0005,1.16E-05,11,37,58:00.0
0.0005,0.00363333,0.0005,0.0005,1.22E-05,11,41,01:45.9
0.0005,0.00363333,0.00363333,0.00363333,2.14E-05,11,33,04:03.4
0.0005,0.00363333,0.00363333,0.00363333,2.27E-05,11,37,05:17.1
0.0005,0.00363333,0.00363333,0.00363333,2.27E-05,11,41,06:30.3
0.0005,0.00363333,0.00363333,0.00363333,2.30E-05,11,45,07:31.9
0.0005,0.0005,0.00676667,0.00676667,2.69E-05,5,21,19:50.8
0.0005,0.0005,0.00676667,0.00676667,2.87E-05,5,17,19:43.6
0.0005,0.0005,0.00676667,0.00676667,3.52E-05,5,13,19:38.4
0.0005,0.00363333,0.00676667,0.00676667,3.54E-05,11,41,24:20.0
0.0005,0.00363333,0.00676667,0.00676667,3.63E-05,11,45,25:22.6
0.0005,0.00363333,0.00676667,0.00676667,3.66E-05,11,37,23:20.6
0.0005,0.00363333,0.00676667,0.00676667,3.75E-05,11,33,22:25.7
0.0005,0.00363333,0.0005,0.0005,3.98E-05,9,37,22:09.0
0.0005,0.00363333,0.0005,0.0005,4.02E-05,9,29,04:00.8
0.0005,0.00363333,0.0005,0.0005,4.12E-05,9,33,15:07.0
0.0005,0.0005,0.0099,0.0099,5.47E-05,5,21,48:21.9
0.0005,0.00363333,0.0099,0.0099,5.64E-05,11,37,39:39.8
0.0005,0.00363333,0.0099,0.0099,5.71E-05,11,41,40:18.1
0.0005,0.00363333,0.0099,0.0099,5.84E-05,11,33,39:04.7
0.00363333,0.0005,0.0005,0.0005,4.12E-05,5,13,22:19.2
0.00676667,0.0005,0.0005,0.0005,0.00013388,5,13,32:57.7
0.0005,0.00363333,0.0099,0.0099,6.33E-05,11,45,40:58.2
0.0005,0.0005,0.0099,0.0099,6.41E-05,5,17,48:17.1
0.0005,0.00363333,0.00363333,0.00363333,6.53E-05,9,37,32:29.5
0.0099,0.0005,0.0005,0.0005,0.00032585,5,13,22:31.4
0.0005,0.00363333,0.00363333,0.00363333,7.12E-05,9,29,30:45.9
0.0005,0.00363333,0.00363333,0.00363333,7.20E-05,9,33,31:35.3
0.0005,0.0005,0.0099,0.0099,8.28E-05,5,13,48:12.8
0.0005,0.00363333,0.00676667,0.00676667,9.91E-05,9,29,14:35.6
0.0005,0.00363333,0.00676667,0.00676667,0.00010219,9,33,14:52.7
0.0005,0.00363333,0.00676667,0.00676667,0.00010967,9,37,15:07.5
0.0005,0.00363333,0.0005,0.0005,0.00013622,7,25,50:26.7
0.0005,0.00363333,0.0005,0.0005,0.00014126,7,21,50:15.5
0.0005,0.00363333,0.0005,0.0005,0.00014299,7,29,50:46.2
0.0005,0.00363333,0.0099,0.0099,0.00014622,9,37,32:33.8
0.0005,0.00363333,0.0099,0.0099,0.00015234,9,33,32:16.1
0.0005,0.00363333,0.0099,0.0099,0.00015555,9,29,32:02.1
0.0005,0.0005,0.00363333,0.00363333,0.00016073,3,13,57:49.1
0.0005,0.0005,0.00363333,0.00363333,0.00018772,3,9,57:47.6
0.0005,0.00363333,0.00363333,0.00363333,0.00021612,7,21,22:46.7
0.0005,0.00363333,0.00363333,0.00363333,0.00021651,7,29,23:13.8
0.0005,0.00363333,0.00363333,0.00363333,0.00021656,7,25,23:00.2
0.0005,0.0005,0.00363333,0.00363333,0.00025419,3,5,57:46.2
0.0005,0.0005,0.00676667,0.00676667,0.00026052,3,13,19:08.8
0.0005,0.00363333,0.00676667,0.00676667,0.00029306,7,21,12:17.8
0.0005,0.00363333,0.00676667,0.00676667,0.00029361,7,25,12:22.2
0.0005,0.00363333,0.00676667,0.00676667,0.00030725,7,29,12:26.7
0.0005,0.0005,0.00676667,0.00676667,0.00033681,3,9,19:07.4
0.0005,0.00676667,0.0005,0.0005,0.00034567,11,33,48:03.6
0.0005,0.00676667,0.0005,0.0005,0.00038578,11,37,48:15.5
0.0005,0.00676667,0.0005,0.0005,0.00039028,11,45,48:41.5
0.0005,0.00363333,0.0099,0.0099,0.00040967,7,21,29:38.0
0.0005,0.00363333,0.0099,0.0099,0.00041135,7,29,29:45.9
0.0005,0.00363333,0.0099,0.0099,0.00041728,7,25,29:41.7
0.0005,0.00676667,0.0005,0.0005,0.00042533,11,41,48:27.6
0.0005,0.00363333,0.0005,0.0005,0.00044398,5,17,31:56.1
0.0005,0.00363333,0.0005,0.0005,0.00045363,5,21,31:58.1
0.0005,0.0005,0.0099,0.0099,0.00045813,3,13,47:45.5
0.0005,0.00363333,0.0005,0.0005,0.00046455,5,13,31:54.4
0.0005,0.0005,0.00676667,0.00676667,0.0005561,3,5,19:06.2
0.0005,0.00676667,0.00363333,0.00363333,0.00057511,11,45,54:55.7
0.0005,0.00676667,0.00363333,0.00363333,0.00057831,11,41,54:41.9
0.0005,0.00676667,0.00363333,0.00363333,0.00062393,11,33,54:18.5
0.0005,0.00363333,0.00363333,0.00363333,0.0006248,5,17,20:25.8
0.0005,0.00363333,0.00363333,0.00363333,0.00063431,5,21,20:31.0
0.0005,0.00363333,0.00363333,0.00363333,0.00063869,5,13,20:21.0
0.0005,0.0005,0.0099,0.0099,0.00063882,3,9,47:44.1
0.0005,0.00676667,0.00363333,0.00363333,0.00064884,11,37,54:30.1
0.0005,0.00676667,0.0005,0.0005,0.0006902,9,29,45:38.5
0.0005,0.00676667,0.0005,0.0005,0.00070168,9,33,45:43.4
0.0005,0.00676667,0.0005,0.0005,0.0007281,9,37,45:49.9
0.0005,0.00363333,0.00676667,0.00676667,0.0008133,5,21,11:41.4
0.0005,0.00363333,0.00676667,0.00676667,0.00083774,5,17,11:39.7
0.0005,0.00676667,0.00676667,0.00676667,0.00085156,11,41,00:59.2
0.0005,0.00676667,0.00676667,0.00676667,0.00086403,11,33,00:30.4
0.0005,0.00363333,0.00676667,0.00676667,0.00088691,5,13,11:38.0
0.0005,0.00676667,0.00676667,0.00676667,0.00089676,11,45,01:13.9
0.0005,0.00676667,0.00676667,0.00676667,0.00090136,11,37,00:45.2
0.0005,0.0005,0.0099,0.0099,0.00106763,3,5,47:42.9
0.0005,0.00363333,0.0099,0.0099,0.00107599,5,17,28:53.2
0.0005,0.00363333,0.0099,0.0099,0.00108166,5,13,28:51.4
0.0005,0.00363333,0.0099,0.0099,0.00109102,5,21,28:55.0
0.0005,0.00676667,0.00363333,0.00363333,0.00111271,9,29,51:50.5
0.0005,0.00676667,0.00363333,0.00363333,0.00113591,9,33,51:56.0
0.0005,0.00676667,0.00363333,0.00363333,0.00116588,9,37,52:01.7
0.0005,0.00676667,0.0099,0.0099,0.00121641,11,37,06:16.8
0.0005,0.00676667,0.0099,0.0099,0.00126231,11,41,06:24.8
0.0005,0.00363333,0.0005,0.0005,0.00129043,3,5,14:19.2
0.0005,0.00676667,0.0005,0.0005,0.00130603,7,29,44:40.7
0.0005,0.00363333,0.0005,0.0005,0.0013387,3,9,22:43.2
0.0005,0.00676667,0.0005,0.0005,0.00134709,7,21,44:35.6
0.0005,0.00676667,0.00676667,0.00676667,0.00134886,9,37,58:15.5
0.0005,0.00676667,0.0099,0.0099,0.00135358,11,33,06:09.3
0.0005,0.00676667,0.0005,0.0005,0.00135873,7,25,44:37.9
0.0005,0.00676667,0.0099,0.0099,0.00135976,11,45,06:33.6
0.0005,0.00363333,0.0005,0.0005,0.00138255,3,13,22:44.7
0.0005,0.00676667,0.00676667,0.00676667,0.00141567,9,29,58:00.4
0.0005,0.00676667,0.00676667,0.00676667,0.00150117,9,33,58:08.7
0.0005,0.00363333,0.00363333,0.00363333,0.00174713,3,9,19:07.6
0.0005,0.00676667,0.00363333,0.00363333,0.00181343,7,29,50:42.4
0.0005,0.00676667,0.0099,0.0099,0.00183382,9,29,04:29.1
0.0005,0.00676667,0.00363333,0.00363333,0.00184601,7,21,50:36.9
0.0005,0.00676667,0.0099,0.0099,0.00185659,9,33,04:33.2
0.0005,0.00676667,0.0099,0.0099,0.00187822,9,37,04:37.8
0.0005,0.00676667,0.00363333,0.00363333,0.00188055,7,25,50:39.7
0.0005,0.00363333,0.00363333,0.00363333,0.00193874,3,13,19:11.0
0.0005,0.00363333,0.00363333,0.00363333,0.00209393,3,5,19:04.5
0.0005,0.00363333,0.00676667,0.00676667,0.00218437,3,13,11:15.7
0.0005,0.00676667,0.00676667,0.00676667,0.00225097,7,21,56:48.5
0.0005,0.00676667,0.0005,0.0005,0.00228252,5,17,43:59.7
0.0005,0.00676667,0.00676667,0.00676667,0.00233121,7,29,56:53.6
0.0005,0.00676667,0.00676667,0.00676667,0.00236107,7,25,56:51.3
0.0005,0.00363333,0.00676667,0.00676667,0.00250741,3,5,11:13.3
0.0005,0.00676667,0.0005,0.0005,0.00253112,5,13,43:58.1
0.0005,0.00676667,0.0005,0.0005,0.0025712,5,21,44:01.3
0.0005,0.00363333,0.00676667,0.00676667,0.0026586,3,9,11:14.5
0.0005,0.0099,0.0005,0.0005,0.0026926,11,37,10:19.8
0.0005,0.00363333,0.0099,0.0099,0.00270216,3,13,28:26.7
0.0005,0.0099,0.0005,0.0005,0.00278813,11,41,10:25.5
0.0005,0.00676667,0.0099,0.0099,0.00279435,7,29,03:19.9
0.0005,0.00676667,0.00363333,0.00363333,0.00287151,5,21,50:02.0
0.0005,0.00676667,0.00363333,0.00363333,0.00290886,5,17,50:00.4
0.0005,0.0099,0.0005,0.0005,0.00295839,11,45,10:31.7
0.0005,0.00676667,0.0099,0.0099,0.00297286,7,25,03:16.3
0.0005,0.0099,0.0005,0.0005,0.00300877,11,33,10:13.4
0.0005,0.00363333,0.0099,0.0099,0.00302011,3,9,28:25.4
0.0005,0.00676667,0.0099,0.0099,0.00303402,7,21,03:12.4
0.0005,0.00676667,0.00363333,0.00363333,0.00317485,5,13,49:58.9
0.0005,0.00676667,0.00676667,0.00676667,0.00332679,5,13,56:11.0
0.0005,0.00363333,0.0099,0.0099,0.0033641,3,5,28:24.2
0.0005,0.0099,0.0005,0.0005,0.00341958,9,29,09:06.1
0.0005,0.00676667,0.00676667,0.00676667,0.00353666,5,21,56:14.9
0.0005,0.00676667,0.0005,0.0005,0.00359856,3,5,43:35.7
0.0005,0.0099,0.0005,0.0005,0.00368653,9,37,09:13.0
0.0005,0.00676667,0.0005,0.0005,0.00380116,3,13,43:38.1
0.0005,0.0099,0.0005,0.0005,0.00384713,9,33,09:09.4
0.0005,0.00676667,0.00676667,0.00676667,0.00388007,5,17,56:12.9
0.0005,0.0099,0.00363333,0.00363333,0.00389982,11,33,13:44.5
0.0005,0.00676667,0.0005,0.0005,0.00394131,3,9,43:36.9
0.0005,0.0099,0.00363333,0.00363333,0.00407903,11,37,13:49.8
0.0005,0.0099,0.00363333,0.00363333,0.00424505,11,41,13:55.2
0.0005,0.0099,0.00363333,0.00363333,0.00426152,11,45,14:01.9
0.0005,0.00676667,0.0099,0.0099,0.0042946,5,13,02:26.2
0.0005,0.00676667,0.0099,0.0099,0.00430566,5,17,02:29.1
0.0005,0.00676667,0.0099,0.0099,0.00435165,5,21,02:31.2
0.0005,0.0099,0.0005,0.0005,0.00457867,7,29,08:16.3
0.0005,0.00676667,0.00363333,0.00363333,0.00472251,3,5,49:34.7
0.0005,0.0099,0.0005,0.0005,0.00484907,7,25,08:12.9
0.0005,0.0099,0.0005,0.0005,0.00488279,7,21,08:09.8
0.0005,0.0099,0.00363333,0.00363333,0.0049716,9,37,12:42.3
0.0005,0.0099,0.00363333,0.00363333,0.00511355,9,33,12:38.8
0.0005,0.0099,0.00363333,0.00363333,0.0051375,9,29,12:35.6
0.0005,0.00676667,0.00363333,0.00363333,0.00514919,3,13,49:37.4
0.0005,0.00676667,0.00363333,0.00363333,0.00524121,3,9,49:36.2
0.0005,0.0099,0.00676667,0.00676667,0.00545258,11,45,17:21.8
0.0005,0.0099,0.00676667,0.00676667,0.00552745,11,33,17:04.5
0.0005,0.0099,0.00676667,0.00676667,0.00567035,11,41,17:16.5
0.0005,0.00676667,0.00676667,0.00676667,0.00584184,3,13,55:42.9
0.0005,0.0099,0.00676667,0.00676667,0.00594722,9,33,16:03.9
0.0005,0.0099,0.00676667,0.00676667,0.00599629,11,37,17:09.5
0.0005,0.0099,0.00676667,0.00676667,0.00600278,9,29,16:00.7
0.0005,0.0099,0.00363333,0.00363333,0.00604978,7,21,11:53.3
0.0005,0.00676667,0.00676667,0.00676667,0.00609439,3,5,55:39.9
0.0005,0.0099,0.00363333,0.00363333,0.00618448,7,25,11:55.1
0.0005,0.00676667,0.00676667,0.00676667,0.00621086,3,9,55:41.2
0.0005,0.0099,0.0005,0.0005,0.00627317,5,21,07:38.8
0.0005,0.0099,0.00676667,0.00676667,0.00634464,9,37,16:06.9
0.0005,0.0099,0.00363333,0.00363333,0.00647286,7,29,11:57.5
0.0005,0.0099,0.0099,0.0099,0.00660976,11,45,21:04.5
0.0005,0.0099,0.0099,0.0099,0.00662552,11,41,20:58.0
0.0005,0.0099,0.0005,0.0005,0.00663104,5,13,07:35.5
0.0005,0.0099,0.0005,0.0005,0.00677142,5,17,07:37.2
0.0005,0.0099,0.0099,0.0099,0.0069102,11,37,20:50.3
0.0005,0.00676667,0.0099,0.0099,0.00697193,3,9,02:00.0
0.0005,0.00676667,0.0099,0.0099,0.00699091,3,13,02:02.3
0.0005,0.0099,0.0099,0.0099,0.00706257,11,33,20:44.3
0.0005,0.0099,0.0099,0.0099,0.00715393,9,37,19:38.7
0.0005,0.0099,0.00676667,0.00676667,0.00717045,7,25,15:18.8
0.0005,0.0099,0.00363333,0.00363333,0.00739669,5,21,11:26.0
0.0005,0.00676667,0.0099,0.0099,0.00746035,3,5,01:57.7
0.0005,0.0099,0.0005,0.0005,0.0075089,3,5,07:09.9
0.0005,0.0099,0.00363333,0.00363333,0.00753016,5,13,11:22.0
0.0005,0.0099,0.00363333,0.00363333,0.00764973,5,17,11:24.0
0.0005,0.0099,0.00676667,0.00676667,0.00775124,7,29,15:21.0
0.0005,0.0099,0.0005,0.0005,0.0077999,3,9,07:11.2
0.0005,0.0099,0.0099,0.0099,0.00784031,9,29,19:29.6
0.0005,0.0099,0.00676667,0.00676667,0.00785847,7,21,15:16.9
0.0005,0.0099,0.0099,0.0099,0.00809781,9,33,19:33.7
0.0005,0.0099,0.00363333,0.00363333,0.00823502,3,5,10:57.0
0.0005,0.0099,0.0005,0.0005,0.00875376,3,13,07:12.5
0.0005,0.0099,0.00676667,0.00676667,0.00896558,5,21,14:50.4
0.0005,0.0099,0.00676667,0.00676667,0.00906439,5,13,14:47.1
0.0005,0.0099,0.0099,0.0099,0.00907463,7,29,18:43.7
0.0005,0.0099,0.0099,0.0099,0.00909639,7,25,18:41.4
0.0005,0.0099,0.0099,0.0099,0.0092151,7,21,18:39.1
0.0005,0.0099,0.00676667,0.00676667,0.00930387,5,17,14:48.7
0.0005,0.0099,0.00363333,0.00363333,0.0095396,3,9,10:58.3
0.0005,0.0099,0.00676667,0.00676667,0.00971272,3,13,14:28.5
0.0005,0.0099,0.00676667,0.00676667,0.01010462,3,9,14:27.4
0.0005,0.0099,0.0099,0.0099,0.01019917,5,13,18:08.9
0.0005,0.0099,0.00363333,0.00363333,0.01038082,3,13,10:59.5
0.0005,0.0099,0.00676667,0.00676667,0.01052208,3,5,14:26.4
0.0005,0.0099,0.0099,0.0099,0.01063935,5,21,18:12.2
0.0005,0.0099,0.0099,0.0099,0.01112235,5,17,18:10.4
0.0005,0.0099,0.0099,0.0099,0.01148452,3,9,17:43.7
0.0005,0.0099,0.0099,0.0099,0.01237155,3,5,17:42.5
0.0005,0.0099,0.0099,0.0099,0.01280908,3,13,17:44.9
0.0005,0.0005,0.0005,0.0005,3.65E-06,5,17,42:37.0
0.00363333,0.0005,0.00363333,0.00363333,3.03E-08,11,33,05:50.0
0.00363333,0.0005,0.0005,0.0005,4.33E-05,5,17,22:23.6
0.00363333,0.0005,0.00363333,0.00363333,4.88E-08,11,41,07:43.2
0.00676667,0.0005,0.0005,0.0005,0.00014496,5,17,33:00.1
0.0099,0.0005,0.0005,0.0005,0.00031356,5,17,22:33.2
0.00363333,0.0005,0.00363333,0.00363333,1.56E-07,11,45,09:01.4
0.00363333,0.0005,0.00363333,0.00363333,1.62E-07,11,37,06:42.9
0.00363333,0.0005,0.00676667,0.00676667,2.00E-07,11,45,38:15.2
0.0005,0.0005,0.0005,0.0005,3.10E-06,5,21,42:43.3
0.00363333,0.0005,0.00676667,0.00676667,3.17E-07,11,41,36:39.9
0.00363333,0.0005,0.00676667,0.00676667,3.33E-07,11,33,34:06.4
0.00363333,0.0005,0.0005,0.0005,4.43E-05,5,21,22:27.8
0.00363333,0.0005,0.00676667,0.00676667,5.41E-07,11,37,35:18.1
0.00676667,0.0005,0.0005,0.0005,0.00014825,5,21,33:02.4
0.00363333,0.0005,0.0099,0.0099,8.38E-07,11,37,13:21.5
0.00363333,0.0005,0.0099,0.0099,8.49E-07,11,33,11:53.6
0.00363333,0.0005,0.0099,0.0099,9.02E-07,11,41,14:58.7
0.00363333,0.0005,0.0099,0.0099,9.78E-07,11,45,16:52.0
0.00363333,0.0005,0.00363333,0.00363333,1.03E-06,9,29,55:52.4
0.00363333,0.0005,0.00363333,0.00363333,1.30E-06,9,37,57:03.5
0.00363333,0.0005,0.00363333,0.00363333,1.33E-06,9,33,56:27.1
0.00363333,0.0005,0.00676667,0.00676667,1.76E-06,9,29,22:01.3
0.00363333,0.0005,0.00676667,0.00676667,2.14E-06,9,37,23:29.4
0.00363333,0.0005,0.00676667,0.00676667,2.18E-06,9,33,22:42.7
0.0099,0.0005,0.0005,0.0005,0.000307,5,21,22:35.1
0.0005,0.0005,0.0005,0.0005,1.43E-07,7,21,44:26.5
0.00363333,0.0005,0.0005,0.0005,4.19E-06,7,21,23:51.7
0.00363333,0.0005,0.0099,0.0099,4.62E-06,9,37,53:57.3
0.00363333,0.0005,0.0099,0.0099,4.85E-06,9,33,52:56.2
0.00363333,0.0005,0.0099,0.0099,5.28E-06,9,29,52:04.3
0.00363333,0.0005,0.00363333,0.00363333,8.90E-06,7,29,50:25.4
0.00363333,0.0005,0.00363333,0.00363333,8.92E-06,7,25,50:07.5
0.00363333,0.0005,0.00363333,0.00363333,9.38E-06,7,21,49:49.2
0.00363333,0.0005,0.00676667,0.00676667,1.77E-05,7,25,15:41.8
0.00363333,0.0005,0.00676667,0.00676667,1.79E-05,7,29,16:03.5
0.00363333,0.0005,0.00676667,0.00676667,1.85E-05,7,21,15:23.1
0.00363333,0.0005,0.0099,0.0099,2.84E-05,7,29,46:16.3
0.00363333,0.0005,0.0099,0.0099,3.20E-05,7,21,45:40.2
0.00363333,0.0005,0.0099,0.0099,3.26E-05,7,25,45:55.5
0.00363333,0.00363333,0.0005,0.0005,3.71E-05,11,33,31:00.0
0.00363333,0.00363333,0.0005,0.0005,3.89E-05,11,45,32:50.7
0.00363333,0.00363333,0.0005,0.0005,4.01E-05,11,41,32:13.8
0.00363333,0.00363333,0.0005,0.0005,4.05E-05,11,37,31:35.6
0.00676667,0.0005,0.0005,0.0005,2.09E-05,7,21,34:04.2
0.0099,0.0005,0.0005,0.0005,6.29E-05,7,21,23:21.9
0.0005,0.0005,0.0005,0.0005,1.20E-07,7,25,44:36.1
0.00363333,0.00363333,0.00363333,0.00363333,7.05E-05,11,41,43:01.8
0.00363333,0.00363333,0.00363333,0.00363333,7.29E-05,11,45,43:37.7
0.00363333,0.00363333,0.00363333,0.00363333,7.44E-05,11,37,42:31.2
0.00363333,0.00363333,0.00363333,0.00363333,7.78E-05,11,33,42:04.0
0.00363333,0.0005,0.00363333,0.00363333,8.22E-05,5,21,45:59.5
0.00363333,0.0005,0.00363333,0.00363333,8.27E-05,5,17,45:53.6
0.00363333,0.0005,0.00363333,0.00363333,8.60E-05,5,13,45:49.2
0.00363333,0.00363333,0.00676667,0.00676667,0.00011046,11,33,51:25.9
0.00363333,0.00363333,0.0005,0.0005,0.0001123,9,33,25:39.7
0.00363333,0.00363333,0.0005,0.0005,0.00011232,9,29,25:30.3
0.00363333,0.00363333,0.00676667,0.00676667,0.00011302,11,45,52:48.4
0.00363333,0.00363333,0.00676667,0.00676667,0.00011486,11,37,51:52.6
0.00363333,0.0005,0.00676667,0.00676667,0.00011698,5,21,13:50.0
0.00363333,0.00363333,0.00676667,0.00676667,0.00012016,11,41,52:13.3
0.00363333,0.00363333,0.0005,0.0005,0.00012314,9,37,25:49.2
0.00363333,0.0005,0.00676667,0.00676667,0.00012493,5,17,13:46.9
0.00363333,0.0005,0.00676667,0.00676667,0.00015009,5,13,13:44.3
0.00363333,0.00363333,0.0099,0.0099,0.00017904,11,37,00:48.5
0.00363333,0.00363333,0.0099,0.0099,0.00017949,11,33,00:24.9
0.00363333,0.00363333,0.00363333,0.00363333,0.00018058,9,29,37:22.2
0.00363333,0.00363333,0.0099,0.0099,0.00018065,11,45,01:42.7
0.00363333,0.00363333,0.00363333,0.00363333,0.00018382,9,33,37:31.7
0.00363333,0.00363333,0.0099,0.0099,0.00018438,11,41,01:14.1
0.00363333,0.0005,0.0099,0.0099,0.00018807,5,21,44:04.8
0.00363333,0.00363333,0.00363333,0.00363333,0.0001891,9,37,37:40.2
0.00363333,0.0005,0.0099,0.0099,0.00019507,5,17,44:02.2
0.00363333,0.0005,0.0099,0.0099,0.00022989,5,13,43:59.7
0.00363333,0.00363333,0.00676667,0.00676667,0.00027167,9,37,47:52.3
0.00363333,0.00363333,0.00676667,0.00676667,0.0002764,9,33,47:44.6
0.00363333,0.00363333,0.00676667,0.00676667,0.00029252,9,29,47:36.9
0.00363333,0.00363333,0.0005,0.0005,0.00029568,7,21,23:58.2
0.00363333,0.00363333,0.0005,0.0005,0.00033649,7,25,24:01.1
0.00363333,0.0005,0.0005,0.0005,4.28E-06,7,25,24:04.2
0.00363333,0.00363333,0.0005,0.0005,0.0003571,7,29,24:04.1
0.00676667,0.0005,0.0005,0.0005,2.07E-05,7,25,34:21.1
0.00363333,0.00363333,0.0099,0.0099,0.00036095,9,33,57:12.8
0.00363333,0.00363333,0.0099,0.0099,0.00036534,9,37,57:21.8
0.0099,0.0005,0.0005,0.0005,6.16E-05,7,25,23:30.2
0.00363333,0.00363333,0.0099,0.0099,0.00038315,9,29,57:05.6
0.00363333,0.00363333,0.00363333,0.00363333,0.00047176,7,21,35:52.2
0.00363333,0.00363333,0.00363333,0.00363333,0.00048527,7,25,35:55.2
0.00363333,0.00363333,0.00363333,0.00363333,0.00049793,7,29,35:58.1
0.00363333,0.0005,0.00363333,0.00363333,0.00055807,3,13,45:15.1
0.00363333,0.00363333,0.00676667,0.00676667,0.00063924,7,25,46:12.9
0.00363333,0.00363333,0.00676667,0.00676667,0.00066205,7,29,46:16.2
0.00363333,0.0005,0.00363333,0.00363333,0.00066343,3,9,45:13.8
0.00363333,0.00363333,0.00676667,0.00676667,0.00067847,7,21,46:09.2
0.00363333,0.00676667,0.0005,0.0005,0.00068783,11,33,06:22.7
0.00363333,0.00676667,0.0005,0.0005,0.00073683,11,37,06:33.6
0.00363333,0.00676667,0.0005,0.0005,0.00075804,11,41,06:44.5
0.00363333,0.00676667,0.0005,0.0005,0.00075834,11,45,06:55.8
0.00363333,0.0005,0.00363333,0.00363333,0.00079705,3,5,45:12.4
0.00363333,0.00363333,0.0005,0.0005,0.00082966,5,13,23:23.1
0.00363333,0.00363333,0.0099,0.0099,0.00085267,7,29,55:47.8
0.00363333,0.00363333,0.0005,0.0005,0.00087395,5,17,23:24.7
0.00363333,0.00363333,0.0005,0.0005,0.00088503,5,21,23:26.3
0.00363333,0.00363333,0.0099,0.0099,0.00089746,7,21,55:40.0
0.00363333,0.00363333,0.0099,0.0099,0.00092942,7,25,55:43.8
0.00363333,0.0005,0.00676667,0.00676667,0.00093163,3,13,13:21.3
0.00363333,0.0005,0.0099,0.0099,0.0009443,3,13,43:38.1
0.00363333,0.0005,0.00676667,0.00676667,0.00097676,3,9,13:20.0
0.00363333,0.00676667,0.00363333,0.00363333,0.0010574,11,33,11:37.9
0.00363333,0.00676667,0.00363333,0.00363333,0.00110322,11,45,12:10.9
0.00363333,0.00363333,0.00363333,0.00363333,0.00116821,5,13,35:15.5
0.00363333,0.00676667,0.00363333,0.00363333,0.00116967,11,41,12:00.0
0.00363333,0.00676667,0.00363333,0.00363333,0.00117394,11,37,11:49.3
0.00363333,0.00676667,0.0005,0.0005,0.00118505,9,33,04:45.4
0.00363333,0.00676667,0.0005,0.0005,0.00120016,9,29,04:40.8
0.00363333,0.00363333,0.00363333,0.00363333,0.00121527,5,17,35:17.2
0.00363333,0.00363333,0.00363333,0.00363333,0.00122441,5,21,35:18.9
0.00363333,0.00676667,0.0005,0.0005,0.00126395,9,37,04:50.1
0.00363333,0.0005,0.0099,0.0099,0.00127973,3,9,43:37.0
0.00363333,0.0005,0.00676667,0.00676667,0.00131613,3,5,13:18.8
0.00363333,0.00363333,0.00676667,0.00676667,0.00146325,5,21,45:34.9
0.00363333,0.00363333,0.00676667,0.00676667,0.00152279,5,13,45:31.2
0.00363333,0.00363333,0.00676667,0.00676667,0.00158401,5,17,45:33.0
0.00363333,0.00676667,0.00676667,0.00676667,0.00159508,11,33,15:30.2
0.00363333,0.00676667,0.00676667,0.00676667,0.00165601,11,41,15:42.8
0.00363333,0.00676667,0.00676667,0.00676667,0.00167562,11,37,15:36.6
0.00363333,0.00676667,0.00676667,0.00676667,0.00172216,11,45,15:49.7
0.00363333,0.00676667,0.00363333,0.00363333,0.00179478,9,37,09:56.2
0.00363333,0.00363333,0.0099,0.0099,0.00179844,5,17,54:55.6
0.00363333,0.00676667,0.00363333,0.00363333,0.00182501,9,29,09:44.8
0.00363333,0.0005,0.0099,0.0099,0.00182626,3,5,43:35.9
0.00363333,0.00676667,0.0005,0.0005,0.00189913,7,21,03:49.0
0.00363333,0.00363333,0.0099,0.0099,0.00194043,5,21,54:57.6
0.00363333,0.00676667,0.00363333,0.00363333,0.00197724,9,33,09:49.9
0.00363333,0.00363333,0.0099,0.0099,0.00198637,5,13,54:53.5
0.00363333,0.00676667,0.0005,0.0005,0.00207804,7,25,03:51.4
0.00363333,0.00676667,0.0099,0.0099,0.00210328,11,33,18:54.0
0.00363333,0.00363333,0.0005,0.0005,0.00211817,3,9,23:01.9
0.00363333,0.00676667,0.0005,0.0005,0.00213333,7,29,03:53.8
0.00363333,0.00676667,0.0099,0.0099,0.0021538,11,41,19:06.0
0.00363333,0.00363333,0.0005,0.0005,0.00216108,3,5,23:00.7
0.00363333,0.00676667,0.0099,0.0099,0.00219794,11,45,19:12.8
0.00363333,0.00676667,0.0099,0.0099,0.00223707,11,37,18:59.6
0.00363333,0.00676667,0.00676667,0.00676667,0.0023182,9,37,14:25.8
0.00363333,0.00676667,0.00676667,0.00676667,0.00234834,9,33,14:22.0
0.00363333,0.00363333,0.0005,0.0005,0.00236059,3,13,23:02.9
0.00363333,0.00676667,0.00676667,0.00676667,0.00238282,9,29,14:18.8
0.00363333,0.00676667,0.00363333,0.00363333,0.00270786,7,21,08:42.0
0.00363333,0.00676667,0.0099,0.0099,0.00289837,9,33,17:45.9
0.00363333,0.00676667,0.00363333,0.00363333,0.00294183,7,25,08:44.5
0.00363333,0.00676667,0.00363333,0.00363333,0.00295759,7,29,08:47.4
0.00363333,0.00363333,0.00363333,0.00363333,0.0029651,3,13,34:54.5
0.00363333,0.00363333,0.00363333,0.00363333,0.00297105,3,5,34:52.0
0.00363333,0.00363333,0.00363333,0.00363333,0.00302374,3,9,34:53.3
0.00363333,0.00676667,0.0099,0.0099,0.00302576,9,29,17:42.7
0.00363333,0.00676667,0.0099,0.0099,0.0031213,9,37,17:49.5
0.00363333,0.00676667,0.0005,0.0005,0.00328759,5,13,03:17.6
0.00363333,0.00676667,0.00676667,0.00676667,0.0033711,7,29,13:39.1
0.00363333,0.00676667,0.00676667,0.00676667,0.00338511,7,21,13:34.8
0.00363333,0.00676667,0.0005,0.0005,0.0034286,5,17,03:19.1
0.00363333,0.00363333,0.00676667,0.00676667,0.00357367,3,13,45:10.3
0.00363333,0.00676667,0.00676667,0.00676667,0.00362493,7,25,13:36.9
0.00363333,0.00676667,0.0005,0.0005,0.00368859,5,21,03:20.7
0.00363333,0.00363333,0.00676667,0.00676667,0.00374753,3,9,45:09.0
0.00363333,0.00676667,0.0099,0.0099,0.00400375,7,25,17:02.8
0.00363333,0.00363333,0.00676667,0.00676667,0.00406412,3,5,45:07.7
0.00363333,0.00363333,0.0099,0.0099,0.00411515,3,13,54:27.6
0.00363333,0.0099,0.0005,0.0005,0.00421671,11,45,22:19.3
0.00363333,0.0099,0.0005,0.0005,0.00426331,11,33,22:03.4
0.00363333,0.00676667,0.00363333,0.00363333,0.00430099,5,17,08:06.6
0.00363333,0.0099,0.0005,0.0005,0.00430186,11,37,22:07.9
0.00363333,0.00363333,0.0099,0.0099,0.0043114,3,9,54:26.1
0.00363333,0.0099,0.0005,0.0005,0.00433515,11,41,22:13.4
0.00363333,0.00676667,0.00363333,0.00363333,0.00437177,5,21,08:08.4
0.00363333,0.00676667,0.0099,0.0099,0.00437603,7,21,17:00.5
0.00363333,0.00676667,0.00363333,0.00363333,0.00439937,5,13,08:04.6
0.00363333,0.00676667,0.0099,0.0099,0.00458878,7,29,17:04.9
0.00363333,0.00676667,0.00676667,0.00676667,0.00500735,5,13,13:06.5
0.00363333,0.00676667,0.00676667,0.00676667,0.00502767,5,21,13:09.6
0.00363333,0.00676667,0.0005,0.0005,0.00511276,3,5,02:54.5
0.00363333,0.00363333,0.0099,0.0099,0.00525756,3,5,54:24.7
0.00363333,0.00676667,0.00676667,0.00676667,0.00529261,5,17,13:08.1
0.00363333,0.0099,0.0005,0.0005,0.00532884,9,37,21:12.0
0.00363333,0.0099,0.0005,0.0005,0.00554531,9,29,21:05.8
0.00363333,0.00676667,0.0005,0.0005,0.00575463,3,9,02:55.5
0.00363333,0.0099,0.00363333,0.00363333,0.00575544,11,41,25:21.1
0.00363333,0.0099,0.00363333,0.00363333,0.0057603,11,37,25:16.5
0.00363333,0.0099,0.00363333,0.00363333,0.00588863,11,45,25:26.4
0.00363333,0.00676667,0.0005,0.0005,0.00594466,3,13,02:56.7
0.00363333,0.00676667,0.0099,0.0099,0.00602801,5,21,16:36.3
0.00363333,0.00676667,0.0099,0.0099,0.00610145,5,17,16:34.9
0.00363333,0.0099,0.00363333,0.00363333,0.00621637,11,33,25:10.8
0.00363333,0.0099,0.0005,0.0005,0.00622505,7,29,20:29.4
0.00363333,0.0099,0.0005,0.0005,0.00645205,9,33,21:08.5
0.00363333,0.00676667,0.0099,0.0099,0.00652309,5,13,16:33.6
0.00363333,0.00676667,0.00363333,0.00363333,0.0065318,3,9,07:38.0
0.00363333,0.0099,0.00363333,0.00363333,0.00655425,9,33,24:16.0
0.00363333,0.00676667,0.00363333,0.00363333,0.00664211,3,5,07:36.5
0.00363333,0.0099,0.00363333,0.00363333,0.00677015,9,29,24:13.0
0.00363333,0.0099,0.0005,0.0005,0.00680098,7,21,20:25.2
0.00363333,0.0099,0.0005,0.0005,0.00688791,7,25,20:27.1
0.00363333,0.00676667,0.00363333,0.00363333,0.00695519,3,13,07:39.5
0.00363333,0.0099,0.00363333,0.00363333,0.00715062,9,37,24:19.0
0.00363333,0.00676667,0.00676667,0.00676667,0.00776966,3,9,12:46.1
0.00363333,0.00676667,0.00676667,0.00676667,0.0078765,3,5,12:44.6
0.00363333,0.0099,0.0005,0.0005,0.00795029,5,13,19:57.6
0.00363333,0.0099,0.00676667,0.00676667,0.00795086,11,41,28:29.9
0.00363333,0.0099,0.00676667,0.00676667,0.00802065,11,45,28:35.2
0.00363333,0.00676667,0.00676667,0.00676667,0.00811771,3,13,12:47.4
0.00363333,0.0099,0.00676667,0.00676667,0.00812174,9,33,27:23.5
0.00363333,0.0099,0.00676667,0.00676667,0.0081233,11,37,28:24.5
0.00363333,0.0099,0.00363333,0.00363333,0.00819261,7,21,23:32.4
0.00363333,0.0099,0.00676667,0.00676667,0.00835375,9,37,27:26.5
0.00363333,0.0099,0.00676667,0.00676667,0.00837574,11,33,28:19.1
0.00363333,0.0099,0.00363333,0.00363333,0.00860325,7,25,23:34.5
0.00363333,0.0099,0.0005,0.0005,0.00868234,5,21,20:00.6
0.00363333,0.00676667,0.0099,0.0099,0.00888136,3,13,16:15.4
0.00363333,0.0099,0.00676667,0.00676667,0.00895068,9,29,27:20.7
0.00363333,0.0099,0.0099,0.0099,0.00898615,11,45,32:01.2
0.00363333,0.00676667,0.0099,0.0099,0.00929481,3,9,16:14.2
0.00363333,0.0099,0.0005,0.0005,0.00932616,5,17,19:59.1
0.00363333,0.0099,0.00363333,0.00363333,0.00941415,7,29,23:36.6
0.00363333,0.0099,0.0099,0.0099,0.00958731,11,33,31:39.4
0.00363333,0.0099,0.00363333,0.00363333,0.00959153,5,13,23:03.7
0.00363333,0.0099,0.0099,0.0099,0.00959916,9,29,30:30.6
0.00363333,0.00676667,0.0099,0.0099,0.00963118,3,5,16:13.1
0.00363333,0.0099,0.0099,0.0099,0.00974814,11,41,31:53.6
0.00363333,0.0099,0.00363333,0.00363333,0.00986411,5,21,23:07.1
0.00363333,0.0099,0.0099,0.0099,0.00992565,11,37,31:46.3
0.00363333,0.0099,0.0005,0.0005,0.00996298,3,5,19:36.3
0.00363333,0.0099,0.00676667,0.00676667,0.00997935,7,25,26:43.3
0.00363333,0.0099,0.0005,0.0005,0.01019757,3,9,19:37.4
0.00363333,0.0099,0.00676667,0.00676667,0.01034058,7,21,26:41.4
0.00363333,0.0099,0.00363333,0.00363333,0.01065432,5,17,23:05.4
0.00363333,0.0099,0.0005,0.0005,0.01073313,3,13,19:38.5
0.00363333,0.0099,0.00363333,0.00363333,0.01084835,3,13,22:44.1
0.00363333,0.0099,0.0099,0.0099,0.01091263,9,37,30:37.5
0.00363333,0.0099,0.00676667,0.00676667,0.01093112,7,29,26:45.3
0.00363333,0.0099,0.00676667,0.00676667,0.01103297,5,17,26:14.5
0.00363333,0.0099,0.00676667,0.00676667,0.01118241,5,13,26:13.1
0.00363333,0.0099,0.00363333,0.00363333,0.01118965,3,5,22:41.6
0.00363333,0.0099,0.0099,0.0099,0.01121996,7,21,29:46.2
0.00363333,0.0099,0.00363333,0.00363333,0.01137343,3,9,22:42.9
0.00363333,0.0099,0.0099,0.0099,0.01151961,9,33,30:34.3
0.00363333,0.0099,0.00676667,0.00676667,0.01168251,3,9,25:51.8
0.00363333,0.0099,0.00676667,0.00676667,0.01170307,3,13,25:53.4
0.00363333,0.0099,0.00676667,0.00676667,0.01182934,5,21,26:16.0
0.00363333,0.0099,0.00676667,0.00676667,0.01192938,3,5,25:50.3
0.00363333,0.0099,0.0099,0.0099,0.0121373,7,29,29:50.5
0.00363333,0.0099,0.0099,0.0099,0.01214159,7,25,29:48.3
0.00363333,0.0099,0.0099,0.0099,0.01230166,5,13,29:15.3
0.00363333,0.0099,0.0099,0.0099,0.01233205,5,21,29:18.7
0.00363333,0.0099,0.0099,0.0099,0.01333462,5,17,29:16.7
0.00363333,0.0099,0.0099,0.0099,0.01454657,3,9,28:56.0
0.00363333,0.0099,0.0099,0.0099,0.01463478,3,13,28:57.2
0.00363333,0.0099,0.0099,0.0099,0.01623371,3,5,28:54.8
0.0005,0.0005,0.0005,0.0005,1.03E-07,7,29,44:48.0
0.00363333,0.0005,0.0005,0.0005,4.59E-06,7,29,24:17.4
0.00676667,0.0005,0.0005,0.0005,2.25E-05,7,29,34:36.1
0.0099,0.0005,0.0005,0.0005,6.97E-05,7,29,23:36.1
0.00676667,0.0005,0.00363333,0.00363333,9.19E-07,11,37,09:12.3
0.00676667,0.0005,0.00363333,0.00363333,9.56E-07,11,45,11:43.0
0.00676667,0.0005,0.00363333,0.00363333,1.15E-06,11,41,10:25.2
0.00676667,0.0005,0.00363333,0.00363333,1.36E-06,11,33,08:03.7
0.00676667,0.0005,0.00676667,0.00676667,2.24E-06,11,33,37:08.0
0.00676667,0.0005,0.00676667,0.00676667,2.33E-06,11,45,42:13.2
0.00676667,0.0005,0.00676667,0.00676667,2.51E-06,11,41,40:29.6
0.00676667,0.0005,0.00676667,0.00676667,2.97E-06,11,37,38:36.2
0.00363333,0.0005,0.0005,0.0005,2.76E-07,9,29,29:09.9
0.00676667,0.0005,0.0005,0.0005,3.38E-06,9,29,38:26.0
0.00676667,0.0005,0.0099,0.0099,4.37E-06,11,41,12:26.0
0.00676667,0.0005,0.0099,0.0099,4.42E-06,11,45,14:32.5
0.00676667,0.0005,0.0099,0.0099,5.03E-06,11,33,08:44.7
0.00676667,0.0005,0.0099,0.0099,5.41E-06,11,37,10:30.7
0.00676667,0.0005,0.00363333,0.00363333,7.09E-06,9,33,58:20.0
0.00676667,0.0005,0.00363333,0.00363333,7.42E-06,9,29,57:39.1
0.00676667,0.0005,0.00363333,0.00363333,8.03E-06,9,37,59:01.7
0.00676667,0.0005,0.00676667,0.00676667,1.22E-05,9,33,24:20.5
0.00676667,0.0005,0.00676667,0.00676667,1.27E-05,9,29,23:27.5
0.00676667,0.0005,0.00676667,0.00676667,1.31E-05,9,37,25:19.9
0.00676667,0.0005,0.0099,0.0099,2.04E-05,9,37,57:00.9
0.0099,0.0005,0.0005,0.0005,1.28E-05,9,29,26:54.6
0.00676667,0.0005,0.0099,0.0099,2.08E-05,9,33,56:13.8
0.00676667,0.0005,0.0099,0.0099,2.23E-05,9,29,55:32.1
0.00363333,0.0005,0.0005,0.0005,3.94E-07,9,33,29:42.6
0.00676667,0.0005,0.00363333,0.00363333,3.98E-05,7,25,53:57.0
0.00676667,0.0005,0.00363333,0.00363333,4.37E-05,7,21,53:47.5
0.00676667,0.0005,0.00363333,0.00363333,4.41E-05,7,29,54:05.9
0.00676667,0.0005,0.00676667,0.00676667,6.50E-05,7,25,18:33.7
0.00676667,0.0005,0.00676667,0.00676667,6.73E-05,7,29,18:42.5
0.00676667,0.0005,0.00676667,0.00676667,7.29E-05,7,21,18:25.8
0.00676667,0.00363333,0.0005,0.0005,9.37E-05,11,45,29:18.7
0.00676667,0.00363333,0.0005,0.0005,9.60E-05,11,41,28:54.2
0.00676667,0.00363333,0.0005,0.0005,9.86E-05,11,33,27:54.2
0.00676667,0.0005,0.0099,0.0099,9.95E-05,7,29,50:09.4
0.00676667,0.00363333,0.0005,0.0005,0.00010024,11,37,28:22.7
0.00676667,0.0005,0.0099,0.0099,0.00010321,7,25,49:59.4
0.00676667,0.0005,0.0099,0.0099,0.00010371,7,21,49:51.9
0.00676667,0.0005,0.0005,0.0005,3.12E-06,9,33,38:56.8
0.0099,0.0005,0.0005,0.0005,1.21E-05,9,33,27:38.3
0.0005,0.0005,0.0005,0.0005,2.70E-08,9,37,48:52.0
0.00676667,0.00363333,0.00363333,0.00363333,0.00016743,11,41,38:12.7
0.00676667,0.00363333,0.00363333,0.00363333,0.00016995,11,45,38:36.6
0.00676667,0.00363333,0.00363333,0.00363333,0.00017871,11,33,37:24.5
0.00676667,0.00363333,0.00363333,0.00363333,0.00018837,11,37,37:49.5
0.00676667,0.00363333,0.0005,0.0005,0.00023587,9,33,24:06.8
0.00676667,0.0005,0.00363333,0.00363333,0.00023773,5,13,52:43.8
0.00676667,0.0005,0.00363333,0.00363333,0.0002393,5,21,52:47.8
0.00676667,0.00363333,0.0005,0.0005,0.00024416,9,29,23:56.9
0.00676667,0.00363333,0.00676667,0.00676667,0.00025092,11,33,45:46.0
0.00676667,0.0005,0.00363333,0.00363333,0.0002524,5,17,52:45.8
0.00676667,0.00363333,0.0005,0.0005,0.0002666,9,37,24:15.6
0.00676667,0.00363333,0.00676667,0.00676667,0.00027378,11,37,45:58.9
0.00676667,0.00363333,0.00676667,0.00676667,0.0002747,11,41,46:16.9
0.00676667,0.00363333,0.00676667,0.00676667,0.00028686,11,45,46:36.8
0.00676667,0.0005,0.00676667,0.00676667,0.00034621,5,17,17:05.8
0.00676667,0.0005,0.00676667,0.00676667,0.00036634,5,21,17:08.4
0.00676667,0.0005,0.00676667,0.00676667,0.00036675,5,13,17:03.2
0.00676667,0.00363333,0.00363333,0.00363333,0.00037301,9,33,33:35.1
0.00676667,0.00363333,0.00363333,0.00363333,0.00039459,9,37,33:41.2
0.00676667,0.00363333,0.0099,0.0099,0.00040448,11,45,51:50.7
0.00676667,0.00363333,0.0099,0.0099,0.00040489,11,37,51:27.0
0.00676667,0.00363333,0.00363333,0.00363333,0.00040721,9,29,33:26.4
0.00676667,0.00363333,0.0099,0.0099,0.00042096,11,33,51:15.9
0.00676667,0.00363333,0.0099,0.0099,0.00042525,11,41,51:38.1
0.00676667,0.0005,0.0099,0.0099,0.00047694,5,17,48:55.8
0.00676667,0.0005,0.0099,0.0099,0.00048277,5,21,48:57.6
0.00676667,0.00363333,0.00676667,0.00676667,0.00053159,9,33,42:28.1
0.00676667,0.00363333,0.00676667,0.00676667,0.00053797,9,37,42:36.2
0.00676667,0.0005,0.0099,0.0099,0.00056119,5,13,48:53.9
0.00676667,0.00363333,0.00676667,0.00676667,0.0005677,9,29,42:19.4
0.00676667,0.00363333,0.0005,0.0005,0.00059032,7,29,22:38.0
0.00676667,0.00363333,0.0005,0.0005,0.00061862,7,25,22:35.3
0.00676667,0.00363333,0.0005,0.0005,0.00061934,7,21,22:32.4
0.00676667,0.00363333,0.0099,0.0099,0.00076752,9,33,49:17.2
0.00676667,0.00363333,0.0099,0.0099,0.00079117,9,37,49:22.6
0.00676667,0.00363333,0.0099,0.0099,0.00079494,9,29,49:11.9
0.00676667,0.00363333,0.00363333,0.00363333,0.00087073,7,25,32:00.3
0.00363333,0.0005,0.0005,0.0005,6.22E-07,9,37,30:18.2
0.00676667,0.00363333,0.00363333,0.00363333,0.0008906,7,21,31:57.3
0.00676667,0.0005,0.0005,0.0005,3.16E-06,9,37,39:29.0
0.00676667,0.00363333,0.00363333,0.00363333,0.00092857,7,29,32:03.1
0.0099,0.0005,0.0005,0.0005,1.12E-05,9,37,28:16.0
0.00676667,0.00363333,0.00676667,0.00676667,0.00112401,7,29,41:04.9
0.00676667,0.00363333,0.00676667,0.00676667,0.00114963,7,21,40:58.8
0.00676667,0.00363333,0.00676667,0.00676667,0.00118667,7,25,41:01.7
0.00676667,0.00676667,0.0005,0.0005,0.00122704,11,33,55:41.2
0.00676667,0.00676667,0.0005,0.0005,0.0012476,11,37,55:48.0
0.00676667,0.00676667,0.0005,0.0005,0.00125162,11,45,56:03.9
0.00676667,0.00676667,0.0005,0.0005,0.00131628,11,41,55:54.9
0.00676667,0.00363333,0.0099,0.0099,0.00147922,7,21,48:16.7
0.00676667,0.0005,0.00363333,0.00363333,0.00148592,3,13,52:22.8
0.00676667,0.00363333,0.0099,0.0099,0.00148843,7,29,48:21.8
0.00676667,0.00363333,0.0005,0.0005,0.00149936,5,17,22:00.7
0.00676667,0.0005,0.00363333,0.00363333,0.00152432,3,9,52:21.5
0.00676667,0.00363333,0.0005,0.0005,0.00153218,5,21,22:02.4
0.00676667,0.00363333,0.0099,0.0099,0.00153486,7,25,48:19.2
0.00676667,0.00363333,0.0005,0.0005,0.001607,5,13,21:59.3
0.00676667,0.0005,0.00363333,0.00363333,0.00165447,3,5,52:20.3
0.00676667,0.00676667,0.00363333,0.00363333,0.00181969,11,33,59:34.9
0.00676667,0.0005,0.00676667,0.00676667,0.00183876,3,9,16:34.5
0.00676667,0.0005,0.00676667,0.00676667,0.00185514,3,13,16:36.3
0.00676667,0.00363333,0.00363333,0.00363333,0.00187682,5,21,31:18.7
0.00676667,0.00363333,0.00363333,0.00363333,0.00189783,5,13,31:15.3
0.00676667,0.00676667,0.00363333,0.00363333,0.00197792,11,41,59:46.4
0.00676667,0.00676667,0.0005,0.0005,0.0019789,9,33,54:30.2
0.00676667,0.00676667,0.00363333,0.00363333,0.00199736,11,45,59:52.3
0.00676667,0.00676667,0.00363333,0.00363333,0.00202623,11,37,59:40.1
0.00676667,0.00363333,0.00363333,0.00363333,0.00202885,5,17,31:17.0
0.00676667,0.0005,0.0099,0.0099,0.00205042,3,13,48:33.7
0.00676667,0.00676667,0.0005,0.0005,0.00208867,9,29,54:26.4
0.00676667,0.00676667,0.0005,0.0005,0.00220715,9,37,54:34.3
0.00676667,0.0005,0.00676667,0.00676667,0.00227649,3,5,16:33.0
0.00676667,0.00363333,0.00676667,0.00676667,0.00239656,5,21,40:24.9
0.00676667,0.0005,0.0099,0.0099,0.00241323,3,9,48:32.6
0.00676667,0.00363333,0.00676667,0.00676667,0.00249289,5,13,40:21.2
0.00676667,0.00676667,0.00676667,0.00676667,0.00254914,11,45,04:03.3
0.00676667,0.00676667,0.00363333,0.00363333,0.0026375,9,29,58:18.2
0.00676667,0.00676667,0.00676667,0.00676667,0.00265069,11,41,03:55.0
0.00676667,0.00676667,0.00676667,0.00676667,0.0027228,11,37,03:46.9
0.00676667,0.00363333,0.0099,0.0099,0.00273748,5,21,47:49.1
0.00676667,0.00363333,0.00676667,0.00676667,0.00277588,5,17,40:23.1
0.00676667,0.00676667,0.00363333,0.00363333,0.00282613,9,37,58:25.5
0.00676667,0.00363333,0.0099,0.0099,0.00290344,5,17,47:47.6
0.00676667,0.00676667,0.00676667,0.00676667,0.00292628,11,33,03:40.2
0.00676667,0.00676667,0.00363333,0.00363333,0.00294857,9,33,58:21.7
0.00676667,0.00676667,0.0005,0.0005,0.00296833,7,25,53:41.1
0.00676667,0.00363333,0.0099,0.0099,0.00297709,5,13,47:45.8
0.00676667,0.00676667,0.0005,0.0005,0.00302331,7,21,53:38.9
0.00676667,0.0005,0.0099,0.0099,0.00313263,3,5,48:31.5
0.00676667,0.00363333,0.0005,0.0005,0.00314667,3,9,21:37.3
0.00676667,0.00363333,0.0005,0.0005,0.00314795,3,5,21:36.1
0.00676667,0.00676667,0.0005,0.0005,0.00318713,7,29,53:43.3
0.00676667,0.00676667,0.0099,0.0099,0.00342652,11,41,08:36.2
0.00676667,0.00676667,0.0099,0.0099,0.00345707,11,45,08:45.4
0.00676667,0.00676667,0.00676667,0.00676667,0.00354131,9,33,02:12.5
0.00676667,0.00363333,0.0005,0.0005,0.00354468,3,13,21:38.7
0.00676667,0.00676667,0.0099,0.0099,0.00356514,11,33,08:17.0
0.00676667,0.00676667,0.00676667,0.00676667,0.0036452,9,37,02:17.4
0.00676667,0.00676667,0.00676667,0.00676667,0.00366194,9,29,02:07.4
0.00676667,0.00676667,0.0099,0.0099,0.00367445,11,37,08:26.4
0.00676667,0.00676667,0.00363333,0.00363333,0.0041025,7,21,57:28.7
0.00676667,0.00676667,0.00363333,0.00363333,0.00431229,7,25,57:30.9
0.00676667,0.00676667,0.0099,0.0099,0.004314,9,33,06:45.1
0.00676667,0.00676667,0.00363333,0.00363333,0.00433872,7,29,57:33.3
0.00676667,0.00363333,0.00363333,0.00363333,0.00434997,3,13,30:53.1
0.00676667,0.00363333,0.00363333,0.00363333,0.00436143,3,9,30:51.5
0.00676667,0.00363333,0.00363333,0.00363333,0.00445331,3,5,30:50.1
0.00676667,0.00676667,0.0099,0.0099,0.00452905,9,37,06:50.6
0.00676667,0.00676667,0.0099,0.0099,0.00458523,9,29,06:40.0
0.00676667,0.00676667,0.00676667,0.00676667,0.00462501,7,21,01:17.6
0.00676667,0.00676667,0.0005,0.0005,0.00482874,5,21,53:06.0
0.00676667,0.00676667,0.00676667,0.00676667,0.00487926,7,29,01:22.6
0.00676667,0.00676667,0.0005,0.0005,0.00492127,5,13,53:01.7
0.00676667,0.00363333,0.00676667,0.00676667,0.00508926,3,9,39:55.1
0.00676667,0.00363333,0.00676667,0.00676667,0.00510765,3,13,39:56.8
0.00676667,0.00676667,0.0005,0.0005,0.00526067,5,17,53:04.0
0.00676667,0.00676667,0.00676667,0.00676667,0.00547835,7,25,01:20.2
0.00676667,0.00676667,0.00363333,0.00363333,0.00555598,5,13,56:55.4
0.00676667,0.00363333,0.00676667,0.00676667,0.00556505,3,5,39:53.5
0.00676667,0.00676667,0.00363333,0.00363333,0.00576666,5,21,56:58.4
0.00676667,0.00363333,0.0099,0.0099,0.00580342,3,13,47:26.1
0.00676667,0.0099,0.0005,0.0005,0.0058978,11,37,12:06.3
0.00676667,0.0099,0.0005,0.0005,0.00596712,11,41,12:12.8
0.00676667,0.0099,0.0005,0.0005,0.00600612,11,45,12:19.4
0.00676667,0.00676667,0.00363333,0.00363333,0.00603708,5,17,56:56.9
0.00676667,0.00676667,0.0099,0.0099,0.00605269,7,25,05:50.1
0.00676667,0.0099,0.0005,0.0005,0.00628454,11,33,12:00.0
0.00676667,0.00363333,0.0099,0.0099,0.00632846,3,9,47:24.8
0.00676667,0.00676667,0.0099,0.0099,0.00639118,7,21,05:47.4
0.00676667,0.00676667,0.0099,0.0099,0.00654916,7,29,05:53.1
0.00676667,0.00676667,0.0005,0.0005,0.00682361,3,5,52:35.4
0.00676667,0.00676667,0.00676667,0.00676667,0.00682481,5,21,00:48.3
0.00676667,0.00363333,0.0099,0.0099,0.00683578,3,5,47:23.7
0.00676667,0.00676667,0.00676667,0.00676667,0.00697811,5,17,00:46.6
0.00676667,0.00676667,0.0005,0.0005,0.00699726,3,9,52:36.7
0.00676667,0.0099,0.0005,0.0005,0.00717026,9,29,10:58.6
0.00676667,0.00676667,0.00676667,0.00676667,0.00726951,5,13,00:44.8
0.00676667,0.0099,0.00363333,0.00363333,0.0076413,11,37,15:22.0
0.00676667,0.0099,0.0005,0.0005,0.00778265,9,37,11:04.9
0.00676667,0.00676667,0.00363333,0.00363333,0.0078434,3,13,56:35.1
0.00676667,0.00676667,0.0099,0.0099,0.00787705,5,17,04:59.6
0.00676667,0.0099,0.0005,0.0005,0.00796642,9,33,11:01.5
0.00676667,0.00676667,0.0005,0.0005,0.00797286,3,13,52:38.0
0.00676667,0.00676667,0.0099,0.0099,0.00821185,5,13,04:57.7
0.00676667,0.00676667,0.00363333,0.00363333,0.00832532,3,9,56:33.7
0.00676667,0.0099,0.00363333,0.00363333,0.00833428,11,41,15:28.0
0.00676667,0.0099,0.00363333,0.00363333,0.00834243,11,45,15:33.1
0.00676667,0.00676667,0.0099,0.0099,0.00836683,5,21,05:01.8
0.00676667,0.00676667,0.00363333,0.00363333,0.00841686,3,5,56:32.5
0.00676667,0.0099,0.00363333,0.00363333,0.00858125,11,33,15:17.5
0.00676667,0.0099,0.0005,0.0005,0.00863851,7,29,10:20.9
0.00676667,0.0099,0.0005,0.0005,0.00870951,7,21,10:16.8
0.00676667,0.0099,0.0005,0.0005,0.00887199,7,25,10:18.9
0.00676667,0.00676667,0.00676667,0.00676667,0.0092189,3,9,00:19.7
0.00676667,0.0099,0.00363333,0.00363333,0.00925027,9,33,14:25.7
0.00676667,0.0099,0.00363333,0.00363333,0.00925373,9,37,14:28.7
0.00676667,0.0099,0.00363333,0.00363333,0.00973525,9,29,14:22.9
0.00676667,0.00676667,0.00676667,0.00676667,0.00976011,3,13,00:21.1
0.00676667,0.00676667,0.00676667,0.00676667,0.00978346,3,5,00:18.4
0.00676667,0.0099,0.00363333,0.00363333,0.0098587,7,29,13:46.3
0.00676667,0.00676667,0.0099,0.0099,0.01010365,3,13,04:34.9
0.00676667,0.0099,0.0005,0.0005,0.01039772,5,13,09:49.0
0.00676667,0.0099,0.00676667,0.00676667,0.01045322,11,37,18:28.8
0.00676667,0.0099,0.00363333,0.00363333,0.01073358,7,21,13:42.1
0.00676667,0.0099,0.00676667,0.00676667,0.01076218,11,45,18:39.3
0.00676667,0.0099,0.0005,0.0005,0.01085919,5,21,09:51.8
0.00676667,0.0099,0.0005,0.0005,0.01088821,5,17,09:50.4
0.00676667,0.0099,0.00363333,0.00363333,0.01091136,7,25,13:44.0
0.00676667,0.0099,0.00676667,0.00676667,0.01109327,11,33,18:24.5
0.00676667,0.0099,0.00676667,0.00676667,0.01112479,9,33,17:33.5
0.00676667,0.0099,0.0005,0.0005,0.01112967,3,5,09:21.2
0.00676667,0.00676667,0.0099,0.0099,0.01128703,3,5,04:31.4
0.00676667,0.0099,0.00676667,0.00676667,0.01137921,11,41,18:33.2
0.00676667,0.00676667,0.0099,0.0099,0.01152834,3,9,04:33.1
0.00676667,0.0099,0.0005,0.0005,0.01180216,3,13,09:25.4
0.00676667,0.0099,0.00676667,0.00676667,0.01184399,9,37,17:36.7
0.00676667,0.0099,0.00363333,0.00363333,0.01186328,5,17,13:10.0
0.00676667,0.0099,0.0099,0.0099,0.01200703,11,41,21:41.3
0.00676667,0.0099,0.00363333,0.00363333,0.01241264,3,5,12:43.8
0.00676667,0.0099,0.00363333,0.00363333,0.0125699,3,9,12:45.3
0.00676667,0.0099,0.00676667,0.00676667,0.01260528,7,25,16:51.7
0.00676667,0.0099,0.0099,0.0099,0.0126632,11,33,21:32.0
0.00676667,0.0099,0.0099,0.0099,0.01291127,11,45,21:46.6
0.00676667,0.0099,0.0005,0.0005,0.012927,3,9,09:23.3
0.00676667,0.0099,0.00363333,0.00363333,0.01318481,3,13,12:46.7
0.00676667,0.0099,0.00676667,0.00676667,0.01328961,7,29,16:54.1
0.00676667,0.0099,0.00676667,0.00676667,0.01329644,7,21,16:49.7
0.00676667,0.0099,0.00363333,0.00363333,0.01339102,5,21,13:11.8
0.00676667,0.0099,0.00363333,0.00363333,0.01346323,5,13,13:08.6
0.00676667,0.0099,0.0099,0.0099,0.01347374,7,25,20:02.6
0.00676667,0.0099,0.0099,0.0099,0.01354957,9,33,20:42.8
0.00676667,0.0099,0.00676667,0.00676667,0.01356442,9,29,17:30.5
0.00676667,0.0099,0.0099,0.0099,0.01358866,9,29,20:40.1
0.00676667,0.0099,0.0099,0.0099,0.01372328,7,21,19:59.9
0.00676667,0.0099,0.0099,0.0099,0.01457692,9,37,20:45.5
0.00676667,0.0099,0.00676667,0.00676667,0.01470301,3,13,15:54.8
0.00676667,0.0099,0.00676667,0.00676667,0.01481435,3,5,15:52.3
0.00676667,0.0099,0.0099,0.0099,0.01486084,5,13,19:24.4
0.00676667,0.0099,0.00676667,0.00676667,0.0151692,5,21,16:18.5
0.00676667,0.0099,0.00676667,0.00676667,0.01547374,3,9,15:53.6
0.00676667,0.0099,0.0099,0.0099,0.01557685,5,17,19:26.5
0.00676667,0.0099,0.0099,0.0099,0.01560731,5,21,19:28.5
0.00676667,0.0099,0.0099,0.0099,0.0157418,7,29,20:04.8
0.00676667,0.0099,0.0099,0.0099,0.01588803,11,37,21:36.1
0.00676667,0.0099,0.00676667,0.00676667,0.01590382,5,17,16:16.8
0.00676667,0.0099,0.0099,0.0099,0.01604573,3,13,19:00.9
0.00676667,0.0099,0.00676667,0.00676667,0.01637449,5,13,16:15.2
0.00676667,0.0099,0.0099,0.0099,0.01722339,3,5,18:58.5
0.00676667,0.0099,0.0099,0.0099,0.01731402,3,9,18:59.7
0.00363333,0.0005,0.0005,0.0005,6.06E-08,11,33,37:33.7
0.00676667,0.0005,0.0005,0.0005,3.03E-07,11,33,46:16.1
0.0099,0.0005,0.0005,0.0005,2.61E-06,11,33,36:16.3
0.0099,0.0005,0.00363333,0.00363333,5.21E-06,11,33,59:31.0
0.0099,0.0005,0.00363333,0.00363333,5.81E-06,11,37,01:52.0
0.0099,0.0005,0.00363333,0.00363333,5.81E-06,11,41,03:19.5
0.0099,0.0005,0.00363333,0.00363333,6.56E-06,11,45,04:57.5
0.0099,0.0005,0.00676667,0.00676667,1.00E-05,11,33,24:50.8
0.0099,0.0005,0.00676667,0.00676667,1.05E-05,11,41,28:17.1
0.0099,0.0005,0.00676667,0.00676667,1.09E-05,11,37,26:24.9
0.0099,0.0005,0.00676667,0.00676667,1.11E-05,11,45,31:18.8
0.00363333,0.0005,0.0005,0.0005,1.08E-07,11,37,38:25.3
0.00676667,0.0005,0.0005,0.0005,3.78E-07,11,37,47:05.0
0.0099,0.0005,0.0099,0.0099,1.80E-05,11,41,55:14.8
0.0099,0.0005,0.0099,0.0099,1.82E-05,11,45,56:51.7
0.0099,0.0005,0.0099,0.0099,2.01E-05,11,33,52:09.8
0.0099,0.0005,0.0099,0.0099,2.19E-05,11,37,53:38.4
0.0099,0.0005,0.00363333,0.00363333,2.64E-05,9,37,51:16.4
0.0099,0.0005,0.00363333,0.00363333,2.74E-05,9,33,50:47.0
0.0099,0.0005,0.00363333,0.00363333,2.83E-05,9,29,49:46.6
0.0099,0.0005,0.00676667,0.00676667,4.48E-05,9,37,15:54.4
0.0099,0.0005,0.00676667,0.00676667,4.54E-05,9,29,15:04.6
0.0099,0.0005,0.00676667,0.00676667,4.78E-05,9,33,15:30.2
0.0099,0.0005,0.0005,0.0005,2.16E-06,11,37,37:18.4
0.0099,0.0005,0.0099,0.0099,6.44E-05,9,37,42:24.3
0.0099,0.0005,0.0099,0.0099,6.94E-05,9,33,41:58.9
0.00363333,0.0005,0.0005,0.0005,4.88E-08,11,41,39:24.9
0.0099,0.0005,0.0099,0.0099,7.00E-05,9,29,41:38.5
0.0099,0.0005,0.00363333,0.00363333,0.00011868,7,29,46:15.9
0.0099,0.0005,0.00363333,0.00363333,0.00012594,7,21,46:05.5
0.0099,0.0005,0.00363333,0.00363333,0.00013746,7,25,46:10.8
0.0099,0.0005,0.00676667,0.00676667,0.00017934,7,25,12:10.4
0.0099,0.0005,0.00676667,0.00676667,0.00018546,7,29,12:15.1
0.0099,0.00363333,0.0005,0.0005,0.00020202,11,45,06:43.7
0.0099,0.0005,0.00676667,0.00676667,0.00020596,7,21,12:05.9
0.0099,0.00363333,0.0005,0.0005,0.00020657,11,33,06:05.1
0.0099,0.00363333,0.0005,0.0005,0.00020894,11,37,06:17.4
0.0099,0.00363333,0.0005,0.0005,0.00021247,11,41,06:31.0
0.0099,0.0005,0.0099,0.0099,0.00026599,7,25,39:01.1
0.0099,0.0005,0.0099,0.0099,0.00026959,7,21,38:57.3
0.0099,0.0005,0.0099,0.0099,0.00027499,7,29,39:05.3
0.00676667,0.0005,0.0005,0.0005,4.39E-07,11,41,47:57.3
0.0099,0.0005,0.0005,0.0005,2.15E-06,11,41,38:26.2
0.0005,0.0005,0.0005,0.0005,2.22E-08,11,45,55:28.7
0.0099,0.00363333,0.00363333,0.00363333,0.00035582,11,37,11:17.2
0.0099,0.00363333,0.00363333,0.00363333,0.00036522,11,41,11:28.4
0.0099,0.00363333,0.00363333,0.00363333,0.00040075,11,33,11:07.2
0.0099,0.00363333,0.00363333,0.00363333,0.00042219,11,45,11:40.3
0.0099,0.00363333,0.0005,0.0005,0.00044607,9,37,03:57.8
0.0099,0.00363333,0.0005,0.0005,0.00048963,9,33,03:52.0
0.0099,0.00363333,0.0005,0.0005,0.00049174,9,29,03:46.1
0.0099,0.00363333,0.00676667,0.00676667,0.00053511,11,33,15:42.1
0.0099,0.0005,0.00363333,0.00363333,0.00056436,5,21,44:47.3
0.0099,0.00363333,0.00676667,0.00676667,0.00057589,11,45,16:07.6
0.0099,0.00363333,0.00676667,0.00676667,0.00057975,11,41,15:58.6
0.0099,0.0005,0.00363333,0.00363333,0.00059186,5,17,44:45.1
0.0099,0.0005,0.00363333,0.00363333,0.00060278,5,13,44:43.1
0.0099,0.00363333,0.00676667,0.00676667,0.00060613,11,37,15:49.9
0.0099,0.00363333,0.00363333,0.00363333,0.00071002,9,29,09:18.5
0.0099,0.0005,0.00676667,0.00676667,0.00073415,5,13,11:20.3
0.0099,0.0005,0.00676667,0.00676667,0.00074085,5,21,11:24.2
0.0099,0.00363333,0.00363333,0.00363333,0.00074659,9,33,09:22.7
0.0099,0.00363333,0.00363333,0.00363333,0.00076636,9,37,09:27.7
0.0099,0.0005,0.00676667,0.00676667,0.00079444,5,17,11:22.3
0.0099,0.00363333,0.0099,0.0099,0.00079602,11,45,20:14.4
0.0099,0.00363333,0.0099,0.0099,0.00080842,11,41,20:05.8
0.0099,0.00363333,0.0099,0.0099,0.00082079,11,37,19:57.2
0.0099,0.00363333,0.0099,0.0099,0.00087708,11,33,19:49.1
0.0099,0.0005,0.0099,0.0099,0.00093849,5,17,38:14.9
0.0099,0.0005,0.0099,0.0099,0.00099074,5,21,38:16.7
0.0099,0.00363333,0.0005,0.0005,0.00099754,7,21,02:49.6
0.0099,0.00363333,0.0005,0.0005,0.00101742,7,25,02:52.2
0.0099,0.00363333,0.00676667,0.00676667,0.00102337,9,29,14:04.7
0.0099,0.0005,0.0099,0.0099,0.00106636,5,13,38:13.2
0.0099,0.00363333,0.00676667,0.00676667,0.00106734,9,37,14:13.8
0.0099,0.00363333,0.0005,0.0005,0.00109207,7,29,02:54.6
0.0099,0.00363333,0.00676667,0.00676667,0.00119197,9,33,14:09.2
0.0099,0.00363333,0.0099,0.0099,0.00129618,9,33,18:25.7
0.0099,0.00363333,0.0099,0.0099,0.00129952,9,29,18:21.6
0.0099,0.00363333,0.0099,0.0099,0.00139836,9,37,18:30.0
0.0099,0.00363333,0.00363333,0.00363333,0.00141385,7,21,08:22.6
0.0099,0.00363333,0.00363333,0.00363333,0.0014404,7,29,08:27.3
0.0099,0.00363333,0.00363333,0.00363333,0.00144436,7,25,08:24.8
0.00363333,0.0005,0.0005,0.0005,2.22E-08,11,45,40:29.5
0.00676667,0.0005,0.0005,0.0005,3.78E-07,11,45,48:53.2
0.0099,0.0005,0.0005,0.0005,2.04E-06,11,45,39:41.1
0.0099,0.00363333,0.00676667,0.00676667,0.00176868,7,21,13:13.5
0.0099,0.00363333,0.00676667,0.00676667,0.00189385,7,25,13:15.7
0.0099,0.00363333,0.00676667,0.00676667,0.00194239,7,29,13:18.0
0.0099,0.00676667,0.0005,0.0005,0.00194389,11,37,23:36.2
0.0099,0.00676667,0.0005,0.0005,0.00204686,11,45,23:47.9
0.0099,0.00676667,0.0005,0.0005,0.00207367,11,41,23:41.8
0.0099,0.00676667,0.0005,0.0005,0.00210623,11,33,23:30.6
0.0099,0.00363333,0.0005,0.0005,0.00220613,5,17,02:19.6
0.0099,0.00363333,0.0099,0.0099,0.00224461,7,21,17:32.7
0.0099,0.00363333,0.0005,0.0005,0.00228484,5,13,02:18.1
0.0099,0.00363333,0.0005,0.0005,0.00233006,5,21,02:21.4
0.0099,0.00363333,0.0099,0.0099,0.00237436,7,25,17:35.0
0.0099,0.00363333,0.0099,0.0099,0.00243717,7,29,17:37.5
0.0099,0.0005,0.00363333,0.00363333,0.00254035,3,9,44:19.8
0.0099,0.0005,0.00363333,0.00363333,0.00260634,3,5,44:18.6
0.0099,0.0005,0.00363333,0.00363333,0.00274263,3,13,44:21.2
0.0099,0.00676667,0.0005,0.0005,0.00281195,9,29,22:24.2
0.0099,0.00676667,0.00363333,0.00363333,0.00286721,11,45,27:12.1
0.0099,0.00676667,0.0005,0.0005,0.00293027,9,37,22:32.2
0.0099,0.00676667,0.00363333,0.00363333,0.00298501,11,41,27:06.1
0.0099,0.00676667,0.0005,0.0005,0.00300453,9,33,22:28.4
0.0099,0.0005,0.00676667,0.00676667,0.00306308,3,13,10:58.6
0.0099,0.00363333,0.00363333,0.00363333,0.00307384,5,17,07:53.5
0.0099,0.00363333,0.00363333,0.00363333,0.00308061,5,21,07:55.0
0.0099,0.00676667,0.00363333,0.00363333,0.00309382,11,37,27:00.6
0.0099,0.00363333,0.00363333,0.00363333,0.00312102,5,13,07:52.1
0.0099,0.00676667,0.00363333,0.00363333,0.00324027,11,33,26:55.0
0.0099,0.0005,0.00676667,0.00676667,0.0033691,3,9,10:57.5
0.0099,0.00363333,0.00676667,0.00676667,0.00343171,5,13,12:44.1
0.0099,0.0005,0.0099,0.0099,0.00355518,3,9,37:50.2
0.0099,0.00363333,0.00676667,0.00676667,0.00363048,5,21,12:47.0
0.0099,0.0005,0.0099,0.0099,0.00369806,3,13,37:51.4
0.0099,0.0005,0.00676667,0.00676667,0.00370233,3,5,10:56.3
0.0099,0.00363333,0.00676667,0.00676667,0.00383228,5,17,12:45.5
0.0099,0.00363333,0.0099,0.0099,0.00392819,5,21,17:05.3
0.0099,0.00676667,0.00363333,0.00363333,0.00394055,9,29,25:52.2
0.0099,0.00676667,0.0005,0.0005,0.00410287,7,21,21:40.5
0.0099,0.00676667,0.00676667,0.00676667,0.00412684,11,45,30:39.9
0.0099,0.00676667,0.00363333,0.00363333,0.00413475,9,33,25:55.4
0.0099,0.00676667,0.00363333,0.00363333,0.00415364,9,37,25:58.8
0.0099,0.0005,0.0099,0.0099,0.00419768,3,5,37:49.0
0.0099,0.00676667,0.00676667,0.00676667,0.00421322,11,41,30:34.3
0.0099,0.00363333,0.0005,0.0005,0.00424526,3,5,01:55.5
0.0099,0.00676667,0.00676667,0.00676667,0.00433793,11,37,30:28.7
0.0099,0.00676667,0.00676667,0.00676667,0.00434489,11,33,30:23.2
0.0099,0.00363333,0.0099,0.0099,0.00435623,5,17,17:03.7
0.0099,0.00676667,0.0005,0.0005,0.00442929,7,25,21:42.7
0.0099,0.00363333,0.0005,0.0005,0.00453714,3,9,01:56.8
0.0099,0.00676667,0.0005,0.0005,0.00454645,7,29,21:45.0
0.0099,0.00363333,0.0099,0.0099,0.00462051,5,13,17:02.1
0.0099,0.00363333,0.0005,0.0005,0.00465038,3,13,01:58.1
0.0099,0.00676667,0.0099,0.0099,0.00485996,11,45,33:58.3
0.0099,0.00676667,0.0099,0.0099,0.00486151,11,37,33:47.8
0.0099,0.00676667,0.00676667,0.00676667,0.00515652,9,29,29:21.1
0.0099,0.00676667,0.0099,0.0099,0.00521684,11,33,33:41.3
0.0099,0.00676667,0.00676667,0.00676667,0.00536566,9,37,29:27.8
0.0099,0.00676667,0.00363333,0.00363333,0.00543691,7,25,25:09.9
0.0099,0.00676667,0.00363333,0.00363333,0.00551294,7,21,25:07.7
0.0099,0.00676667,0.00676667,0.00676667,0.00552437,9,33,29:24.3
0.0099,0.00676667,0.0099,0.0099,0.00566036,11,41,33:52.9
0.0099,0.00676667,0.00363333,0.00363333,0.00588129,7,29,25:12.0
0.0099,0.00363333,0.00363333,0.00363333,0.00590182,3,13,07:32.5
0.0099,0.00363333,0.00363333,0.00363333,0.00596574,3,9,07:31.3
0.0099,0.00363333,0.00363333,0.00363333,0.006101,3,5,07:30.2
0.0099,0.00363333,0.00676667,0.00676667,0.00618941,3,13,12:24.1
0.0099,0.00676667,0.0099,0.0099,0.00634098,9,29,32:38.0
0.0099,0.00676667,0.0005,0.0005,0.00646859,5,21,21:12.3
0.0099,0.00676667,0.0099,0.0099,0.00648296,9,37,32:44.4
0.0099,0.00676667,0.00676667,0.00676667,0.00654712,7,25,28:38.9
0.0099,0.00676667,0.0005,0.0005,0.00659163,5,17,21:10.7
0.0099,0.00676667,0.00676667,0.00676667,0.00666182,7,21,28:37.0
0.0099,0.00676667,0.0099,0.0099,0.00670912,9,33,32:41.2
0.0099,0.00363333,0.00676667,0.00676667,0.00671131,3,9,12:22.8
0.0099,0.00676667,0.00676667,0.00676667,0.00678965,7,29,28:41.1
0.0099,0.00676667,0.0005,0.0005,0.00682454,5,13,21:09.0
0.0099,0.00363333,0.00676667,0.00676667,0.00726371,3,5,12:21.6
0.0099,0.00676667,0.00363333,0.00363333,0.00750125,5,13,24:37.0
0.0099,0.00363333,0.0099,0.0099,0.00774619,3,13,16:43.2
0.0099,0.00676667,0.0005,0.0005,0.00775187,3,5,20:45.5
0.0099,0.00676667,0.00363333,0.00363333,0.00777595,5,21,24:40.0
0.0099,0.00676667,0.00676667,0.00676667,0.00792082,5,21,28:07.6
0.0099,0.0099,0.0005,0.0005,0.00803528,11,33,36:48.5
0.0099,0.00676667,0.00363333,0.00363333,0.00815502,5,17,24:38.5
0.0099,0.00363333,0.0099,0.0099,0.00823395,3,9,16:41.9
0.0099,0.00676667,0.0099,0.0099,0.0083678,7,21,31:56.6
0.0099,0.0099,0.0005,0.0005,0.00837931,11,45,37:03.2
0.0099,0.0099,0.0005,0.0005,0.00852169,11,41,36:58.0
0.0099,0.00676667,0.0099,0.0099,0.00862636,7,25,31:58.6
0.0099,0.00676667,0.0005,0.0005,0.00865123,3,13,20:48.1
0.0099,0.00676667,0.0005,0.0005,0.00869588,3,9,20:46.7
0.0099,0.00676667,0.0099,0.0099,0.0087836,7,29,32:00.9
0.0099,0.00676667,0.00676667,0.00676667,0.008815,5,13,28:04.4
0.0099,0.00676667,0.00676667,0.00676667,0.00888627,5,17,28:05.9
0.0099,0.0099,0.0005,0.0005,0.00904217,11,37,36:53.0
0.0099,0.00363333,0.0099,0.0099,0.0091342,3,5,16:40.8
0.0099,0.0099,0.0005,0.0005,0.00984775,9,33,35:56.1
0.0099,0.00676667,0.00363333,0.00363333,0.01013011,3,5,24:12.5
0.0099,0.00676667,0.00363333,0.00363333,0.01013158,3,13,24:15.2
0.0099,0.0099,0.0005,0.0005,0.01025659,9,37,35:59.2
0.0099,0.0099,0.0005,0.0005,0.01038195,7,21,35:13.3
0.0099,0.00676667,0.0099,0.0099,0.01044811,5,17,31:27.7
0.0099,0.00676667,0.0099,0.0099,0.01052266,5,21,31:29.6
0.0099,0.00676667,0.0099,0.0099,0.01055344,5,13,31:26.1
0.0099,0.0099,0.00363333,0.00363333,0.0106669,11,45,40:10.3
0.0099,0.0099,0.00363333,0.00363333,0.01069235,11,33,39:55.6
0.0099,0.0099,0.0005,0.0005,0.01085806,7,29,35:17.6
0.0099,0.00676667,0.00363333,0.00363333,0.01098221,3,9,24:13.9
0.0099,0.0099,0.0005,0.0005,0.01115211,9,29,35:52.7
0.0099,0.00676667,0.00676667,0.00676667,0.01140255,3,5,27:37.6
0.0099,0.0099,0.00363333,0.00363333,0.01173668,11,41,40:04.9
0.0099,0.00676667,0.00676667,0.00676667,0.01179448,3,9,27:38.9
0.0099,0.0099,0.0005,0.0005,0.01183747,5,13,34:43.9
0.0099,0.00676667,0.00676667,0.00676667,0.01187572,3,13,27:40.3
0.0099,0.0099,0.00363333,0.00363333,0.01205569,9,33,39:01.6
0.0099,0.0099,0.00363333,0.00363333,0.0121037,9,29,38:58.6
0.0099,0.0099,0.00676667,0.00676667,0.01218025,9,37,42:10.7
0.0099,0.0099,0.00363333,0.00363333,0.01219525,11,37,40:00.3
0.0099,0.0099,0.00363333,0.00363333,0.01240584,9,37,39:04.6
0.0099,0.0099,0.00363333,0.00363333,0.0124148,7,21,38:17.3
0.0099,0.0099,0.00676667,0.00676667,0.01251991,11,37,43:02.5
0.0099,0.00676667,0.0099,0.0099,0.01253127,3,9,31:03.6
0.0099,0.0099,0.0005,0.0005,0.01286045,7,25,35:15.4
0.0099,0.0099,0.00676667,0.00676667,0.01304251,11,45,43:12.7
0.0099,0.0099,0.0005,0.0005,0.01327103,3,9,34:21.6
0.0099,0.0099,0.0005,0.0005,0.01339089,5,17,34:45.4
0.0099,0.0099,0.00676667,0.00676667,0.01343564,11,33,42:58.0
0.0099,0.0099,0.0005,0.0005,0.01350306,5,21,34:47.0
0.0099,0.0099,0.00363333,0.00363333,0.01356785,7,25,38:19.5
0.0099,0.00676667,0.0099,0.0099,0.0135881,3,5,31:02.4
0.0099,0.0099,0.00363333,0.00363333,0.01384155,7,29,38:21.5
0.0099,0.00676667,0.0099,0.0099,0.013844,3,13,31:04.9
0.0099,0.0099,0.00676667,0.00676667,0.01392537,9,29,42:04.1
0.0099,0.0099,0.00676667,0.00676667,0.01406206,11,41,43:07.5
0.0099,0.0099,0.00676667,0.00676667,0.01483015,7,21,41:23.3
0.0099,0.0099,0.00676667,0.00676667,0.01491604,7,25,41:25.3
0.0099,0.0099,0.0005,0.0005,0.01503346,3,13,34:22.9
0.0099,0.0099,0.00676667,0.00676667,0.01505536,5,17,40:55.8
0.0099,0.0099,0.0005,0.0005,0.0150779,3,5,34:20.2
0.0099,0.0099,0.00363333,0.00363333,0.01509863,5,13,37:48.1
0.0099,0.0099,0.00363333,0.00363333,0.01510739,5,17,37:49.7
0.0099,0.0099,0.00363333,0.00363333,0.01532088,3,5,37:23.7
0.0099,0.0099,0.00676667,0.00676667,0.0154974,7,29,41:27.6
0.0099,0.0099,0.0099,0.0099,0.01550724,11,33,46:00.5
0.0099,0.0099,0.00363333,0.00363333,0.01555777,5,21,37:51.2
0.0099,0.0099,0.00676667,0.00676667,0.01590222,9,33,42:07.4
0.0099,0.0099,0.00676667,0.00676667,0.01594202,3,5,40:30.5
0.0099,0.0099,0.0099,0.0099,0.01596635,11,37,46:04.8
0.0099,0.0099,0.00363333,0.00363333,0.01624632,3,9,37:24.9
0.0099,0.0099,0.0099,0.0099,0.01643572,9,29,45:06.6
0.0099,0.0099,0.0099,0.0099,0.01667189,11,45,46:14.5
0.0099,0.0099,0.0099,0.0099,0.01677258,11,41,46:09.4
0.0099,0.0099,0.00676667,0.00676667,0.0169127,3,9,40:31.8
0.0099,0.0099,0.0099,0.0099,0.0169685,3,13,43:37.1
0.0099,0.0099,0.00363333,0.00363333,0.01705666,3,13,37:26.4
0.0099,0.0099,0.00676667,0.00676667,0.01725549,5,13,40:54.2
0.0099,0.0099,0.0099,0.0099,0.01778949,5,21,44:01.2
0.0099,0.0099,0.0099,0.0099,0.01798751,7,21,44:27.9
0.0099,0.0099,0.0099,0.0099,0.01828496,7,25,44:29.8
0.0099,0.0099,0.0099,0.0099,0.01842382,9,37,45:12.7
0.0099,0.0099,0.00676667,0.00676667,0.01853808,5,21,40:57.3
0.0099,0.0099,0.0099,0.0099,0.01908583,3,5,43:34.5
0.0099,0.0099,0.0099,0.0099,0.01917321,5,13,43:58.2
0.0099,0.0099,0.0099,0.0099,0.01923417,5,17,43:59.6
0.0099,0.0099,0.0099,0.0099,0.01957006,9,33,45:09.6
0.0099,0.0099,0.00676667,0.00676667,0.0196068,3,13,40:33.2
0.0099,0.0099,0.0099,0.0099,0.01989425,7,29,44:32.0
0.0099,0.0099,0.0099,0.0099,0.02063507,3,9,43:35.8